feature,shap_importance,perm_importance_mean,xgb_gain,shap_importance_norm,perm_importance_mean_norm,xgb_gain_norm,avg_rank
M4,9.3531715e-05,0.016539280640176478,0.001991681754589081,1.0,1.0,0.3517166099783778,0.7839055366594593
M4_vol_norm_20,7.6182994e-05,0.010727744359859659,0.001822533318772912,0.8145151,0.6486221857678806,0.3218462181392547,0.5949945059125673
V13_vol_norm_20,7.418454e-05,0.00902973485946056,0.002438502386212349,0.7931485,0.5459569285937341,0.4306219056968482,0.5899091172997416
I2_trend,4.0172647e-05,0.005265396829825142,0.0025270620826631784,0.4295083,0.31835706427489213,0.4462609083360155,0.3980420904154635
E19_rolling_std_5,4.9400638e-05,0.00475454505686651,0.0021075280383229256,0.52816993,0.287469882173532,0.37217422681378814,0.3959380129895173
V7_vol_norm_60,3.9362534e-05,0.005367112526149487,0.002214664127677679,0.4208469,0.32450701109163954,0.39109368624417734,0.3788158688734695
D8_trend,5.1941955e-05,0.004796634998449523,0.0016063399380072951,0.5553406,0.29001472934667744,0.28366802887410497,0.37634111543786214
P8_trend,2.6766404e-05,0.005348490649349213,0.0027007723692804575,0.28617463,0.32338109290901684,0.4769368900718662,0.3621642027130643
S2_ema_60,4.1680367e-05,0.0038304483465097074,0.0020377375185489655,0.44562817,0.2315970343477306,0.3598497251874776,0.3456916419113129
E19_vol_regime_60,1.1087902e-06,0.00014828420741922477,0.005662745796144009,0.011854698,0.00896557780506,1.0,0.3402734252517481
V13_lag1,3.2442276e-05,0.004686328279323193,0.0019315308891236782,0.34685856,0.28334535106317593,0.3410944016662262,0.3237661045894577
M2_rolling_mean_10,1.4406755e-06,0.00010924838257306835,0.0050853099673986435,0.01540307,0.006605389009948056,0.8980290040321844,0.3066791541992973
E12_rolling_mean_5,4.534416e-05,0.002257246590047679,0.0016747150802984834,0.48479983,0.13647791818493465,0.2957425850616258,0.305673445117399
E19_lag5,2.960281e-05,0.003372474868461006,0.0022182173561304808,0.31650025,0.2039069861520302,0.3917211607204678,0.3040427977991029
E19_vol_norm_20,3.0304747e-05,0.003938338112220108,0.001924256095662713,0.32400504,0.23812027849949371,0.3398097256940293,0.3006450139132269
P7,2.0354728e-05,0.0047816324022902255,0.002076854230836034,0.2176238,0.28910764055087734,0.3667574539987734,0.2911629648629807
V10_lag40,2.3612613e-06,0.00014127329242683562,0.004753211513161659,0.025245568,0.008541683009094173,0.8393828160886742,0.2910566889604939
M4_vol_norm_5,2.8586996e-05,0.0036083953135529036,0.00186620291788131,0.3056396,0.21817123683043094,0.3295579538732045,0.28445626183231837
V13,2.5447262e-05,0.002589362854749211,0.0023955535143613815,0.27207094,0.15655837222202076,0.42303744519003667,0.283888920573764
P10,2.2351993e-05,0.0034763419693560225,0.002143335761502385,0.23897769,0.21018701145389895,0.3784976120527728,0.27588743635912955
S5_ema_60,2.568166e-05,0.0029776526868974364,0.002018612576648593,0.27457702,0.1800351993341389,0.3564723986061934,0.2703615398463827
P6,2.9336805e-05,0.003815582364767167,0.0015104220947250724,0.31365624,0.23069820554943157,0.2667296306596668,0.2703613589702579
S2_ema_20,2.4012894e-05,0.003088400015135406,0.002015155041590333,0.25673532,0.18673121777939988,0.3558618228920912,0.26644278851037007
V7_vol_norm_20,2.1112142e-05,0.003085044505484891,0.002185954712331295,0.22572175,0.1865283365463211,0.386023810890434,0.2660912980399586
P8_rolling_std_20,1.586799e-05,0.0034987850856281755,0.00230839429423213,0.16965358,0.2115439698827701,0.40764575655223806,0.2629477686759043
E19_vol_norm_5,1.8957366e-05,0.004128328277715465,0.0019026348600164056,0.20268382,0.2496074870201498,0.3359915716704052,0.26276096000369625
M4_ema_5,1.7210581e-05,0.0034184677696421973,0.002188720041885972,0.18400797,0.20668781454365126,0.3865121481130867,0.25906931171186814
M4_rolling_mean_60,1.4650572e-05,0.0034925454867353435,0.002246629213914275,0.15663747,0.21116671049473631,0.3967384895582096,0.2548475583158232
E18,1.935392e-05,0.003566876932885055,0.0017434934852644801,0.2069236,0.21566094744293518,0.3078883545243537,0.24349096865960818
E7_return_60d,1.2513053e-06,0.00031315999670358254,0.003952164202928543,0.013378407,0.018934317853151868,0.6979236478564393,0.24341212419480893
D8_ema_60,2.8902385e-05,0.0022121348541300433,0.0015799177344888449,0.3090116,0.1337503669147753,0.27900205860638744,0.24058801129445354
V13_lag60,2.6605789e-05,0.0033848267159812817,0.0013144182739779353,0.28445742,0.20465380506084482,0.23211677184467217,0.24040933074928264
M4_vol_norm_60,1.6739803e-05,0.0026937196006083576,0.0021308381110429764,0.17897461,0.16286800249733321,0.3762906172644991,0.23937774443638582
V7,1.7879383e-05,0.0011307713821650856,0.0025179076474159956,0.19115852,0.06836883699876684,0.4446443012028794,0.23472388546559952
E19_vol_norm_60,1.495213e-05,0.0019636751087235282,0.002389117842540145,0.15986161,0.1187279635338829,0.42190095203761246,0.23349684163706982
S5_lag1,2.910181e-05,0.0018290319987998127,0.00152914400678128,0.31114376,0.11058715542662782,0.27003578508195364,0.23058889880712075
M4_trend,1.4785099e-05,0.0023512124442353287,0.0022107032127678394,0.15807578,0.14215929310274045,0.39039421728469537,0.2302097633546244
V13_lag20,1.8203273e-05,0.00248588338350757,0.0019330683862790465,0.1946214,0.15030178383145476,0.34136591255700555,0.2287630318111503
P8_rolling_mean_5,3.8247963e-06,0.0006851766083819655,0.003401131136342883,0.04089304,0.04142723152768599,0.600615188952831,0.22764515369265192
P8_vol_norm_60,6.5817117e-06,0.0011097662110462036,0.0030781845562160015,0.07036877,0.0670988197848466,0.54358515586415,0.2270175808112215
S2_vol_norm_20,1.2887445e-05,0.0019549774236982563,0.002379091689363122,0.13778691,0.11820208304279649,0.4201304058153451,0.22537313293200004
V13_ema_5,1.7329294e-05,0.0012198380744691151,0.002337777754291892,0.1852772,0.07375399819421041,0.412834663333074,0.2239552851039994
V7_vol_norm_5,1.814305e-05,0.002484074045504803,0.0018400344997644424,0.19397752,0.15019238741681434,0.3249368002740642,0.2230355691868943
P8,9.212029e-06,0.0020790254031854303,0.00250665913335979,0.09849097,0.12570228708346332,0.44265789487966684,0.22228371676990863
S5_rolling_mean_5,1.6829796e-05,0.0023704459843542857,0.0018974983831867576,0.17993678,0.14332219374741756,0.3350845069681285,0.21944782741371935
M4_lag10,1.7725411e-05,0.00215968952220742,0.0018817633390426636,0.18951231,0.13057941086997454,0.33230581184202757,0.21746584504142139
E19_lag1,1.3592513e-05,0.0028477269938784523,0.0018779549282044172,0.14532517,0.172179616262202,0.33163327399990167,0.21637935307645026
S5_rolling_mean_20,1.2033589e-05,0.002039494258227981,0.002248395001515746,0.12865785,0.12331215018346886,0.3970503148926036,0.21634010423965702
S2_rolling_mean_10,2.3183844e-05,0.001799566919136919,0.0016551880398765206,0.24787147,0.10880563419218438,0.29229425078618304,0.2163237861366515
M4_lag1,1.8356026e-05,0.002710017255676689,0.0016347941709682345,0.19625457,0.16385339330258636,0.28869284086201286,0.21626693349214512
S12_lag1,1.3205645e-05,0.0013082951552935151,0.0023780714254826307,0.14118895,0.07910230098614225,0.4199502345844228,0.21341382830570246
S5_ema_20,6.99487e-06,0.0015990575511819816,0.002621712628751993,0.074786074,0.0966824123715286,0.46297551102103557,0.21148133261737231
D8_ema_20,2.072955e-05,0.001754584201278353,0.0017317056190222502,0.22163124,0.10608588362762258,0.30580670250136216,0.21117460998464788
M4_ema_20,1.4595743e-05,0.0027588221152268,0.0017074871575459838,0.15605126,0.16680423866351196,0.30152989715849166,0.20812846634505378
E19_trend,1.2858201e-05,0.0015466722136295297,0.0022194762714207172,0.13747424,0.09351508371364248,0.39194347606633656,0.20764426621750234
S5_vol_norm_5,1.671065e-05,0.0021997403133867444,0.0017144862795248628,0.17866293,0.1330009666831116,0.30276589153839917,0.20480992806004805
V10_rolling_mean_20,3.8598782e-07,7.329170233372206e-05,0.003421294502913952,0.0041268123,0.0044313718309903485,0.6041758938293944,0.20424469266392106
E19,2.370157e-05,0.0034769098200792214,0.0008394536562263966,0.25340676,0.2102213449134703,0.14824145148772427,0.20395651982599228
S5_rolling_std_5,1.5018109e-05,0.0018907561004261164,0.0019001675536856055,0.16056702,0.11431912557509766,0.3355558631961735,0.20348066806024692
M12_trend,2.520292e-05,0.001586320354470827,0.0013872124254703522,0.26945856,0.09591229443301233,0.24497169313426728,0.20344751656765866
V7_ema_5,1.9885429e-06,0.0003139158959231558,0.003224325831979513,0.021260627,0.018980021123809063,0.5693926494413869,0.20321109905976323
P8_rolling_std_10,1.1916197e-05,0.0017662516998686595,0.002124442020431161,0.12740274,0.10679132534810251,0.37516111386772455,0.2031183923175097
M1_vol_5,6.7308594e-07,4.299796741905615e-05,0.0033936963882297277,0.0071963393,0.0025997483418116396,0.5993022661445676,0.20303278459977336
M2_lag5,7.3974684e-06,0.0021281080959566047,0.0022724212612956762,0.07909048,0.12866993083043166,0.40129317880436366,0.2030178643738159
M17_lag60,4.8354286e-06,0.0002730903258950423,0.003059682436287403,0.05169828,0.01651162053757426,0.5403178151438237,0.20284257143904608
S2_lag40,1.8958452e-05,0.00264408549449201,0.001380637870170176,0.20269543,0.1598670191295452,0.24381067416275473,0.20212437420580123
V7_rolling_mean_5,1.623605e-05,0.001022667336833627,0.002077004872262478,0.17358871,0.06183263704646316,0.3667840561864518,0.20073513375867114
M1_ema_60,4.1853968e-07,7.259491467919155e-05,0.0033581398893147707,0.0044748425,0.0043892425709765905,0.5930232452958534,0.20062911010735604
E11_rolling_mean_10,4.950499e-07,2.686034990510011e-05,0.0033640190958976746,0.005292856,0.0016240337466583736,0.5940614707070854,0.20032612019607268
E7_vol_norm_20,6.7958734e-07,6.474752683751638e-05,0.003274340648204088,0.0072658495,0.003914772851742693,0.5782249046802911,0.19646850901221788
P8_lag1,2.5172913e-06,0.0003641505730920591,0.003004025435075164,0.026913771,0.022017316291706234,0.5304891907951661,0.19314009283089614
P8_rolling_std_60,6.4957e-06,0.0012525237245619603,0.0024453336372971535,0.06944917,0.07573024195014781,0.43182825528955926,0.19233588955453973
V13_ema_20,4.332363e-06,0.001159410294748231,0.0025807225611060858,0.046319723,0.0701004064186349,0.4557369611864625,0.19071903024478995
V7_rolling_std_5,1.0665097e-05,0.001364868838336697,0.002096114680171013,0.11402653,0.08252286589908989,0.37015871021410524,0.18890270256343514
M2_rolling_std_10,1.2760168e-05,0.001081157984747394,0.0020598892588168383,0.1364261,0.0653691057228386,0.36376156249491187,0.1885189247710215
S12_return_60d,3.6132137e-06,0.001047837175095856,0.002623017644509673,0.038630895,0.06335445887232223,0.46320596737642566,0.18839710718844957
S12_lag40,8.271358e-06,0.0013959497025332833,0.0022168292198330164,0.08843372,0.0844020808947582,0.39147602587821345,0.18810394231480773
E19_rolling_std_20,3.335059e-06,0.0007336595210904572,0.0027303884271532297,0.035656985,0.04435861129947118,0.48216687194619634,0.1873941560470451
E11_lag60,1.4737185e-05,0.0012279405911512996,0.0018704930553212762,0.15756351,0.07424389354446538,0.3303155611532077,0.18737432075152946
M2_rolling_mean_5,8.053881e-06,0.0019260071675755719,0.0020148404873907566,0.08610856,0.11645047988949421,0.35580627489278127,0.1861217708874001
S5_vol_norm_60,7.474752e-06,0.001789707773684901,0.002092149807140231,0.07991676,0.10820952933934885,0.36945854227905833,0.18586161064794635
V13_rolling_std_60,9.869962e-06,0.001771079952920196,0.0019476088928058743,0.1055253,0.10708325177202496,0.3439336609692209,0.18551407088265884
S12_lag10,7.733878e-06,0.0017400424262541403,0.0020725091453641653,0.08268723,0.10520665705540466,0.3659901432932801,0.1846280097555868
S8,7.63621e-06,0.0015486491289107064,0.0021254001185297966,0.08164301,0.09363461220609544,0.3753303070706559,0.1835359756574754
S5_vol_norm_20,1.0239466e-05,0.0015846836894394811,0.001953140366822481,0.10947587,0.0958133381925958,0.3449104793212602,0.18339989697485257
V13_return_20d,8.137765e-06,0.0015438791737560687,0.002094320487231016,0.08700541,0.09334621059671402,0.3698418687021274,0.18339782863898657
E12_vol_norm_5,1.1003037e-05,0.001244725895433041,0.0020105934236198664,0.11763964,0.07525876865583916,0.35505627411157326,0.18265156041697891
S5,1.44418345e-05,0.0017913020534353397,0.0016114049358293414,0.15440574,0.10830592287575007,0.2845624709000026,0.18242471221981163
E7_trend,8.266017e-07,6.757717187353408e-05,0.0030096923001110554,0.008837663,0.004085859194466937,0.5314899182231482,0.1814711466849496
E19_rolling_mean_10,4.7926324e-06,0.0008691007064279277,0.002485331380739808,0.05124072,0.05254767273957171,0.43889156783837446,0.1808933201442593
V10_return_20d,7.144534e-07,6.716061267498796e-05,0.0030042666476219893,0.0076386216,0.004060673141481403,0.5305317871884193,0.1807436939798529
S2_lag10,9.707896e-06,0.0016902987928047231,0.0019034008728340268,0.10379256,0.10219905143266783,0.3361268440003309,0.1807061528379288
E19_rolling_mean_20,9.817864e-06,0.0016133572238756111,0.0019111555302515626,0.104968295,0.0975470009231548,0.33749626048072745,0.18000385196839563
M2_lag60,3.9431397e-06,0.0009113514595063266,0.0024976793210953474,0.042158317,0.055102242916932706,0.44107212490380865,0.17944422821386707
M2_vol_norm_20,5.4598763e-06,0.0012603109539681134,0.0022517701145261526,0.0583746,0.07620107436272788,0.39764633546847067,0.17740733615117354
S12_lag20,5.763892e-06,0.0011851046848241342,0.002255556872114539,0.061625004,0.07165394376012528,0.39831504950309415,0.17719799902597222
V7_ema_20,3.9815e-06,0.0005656705630834979,0.0025593796744942665,0.04256845,0.03420164246499309,0.4519679615915394,0.17624601766250378
V9,7.2807825e-06,0.0011674154961240023,0.0021527071949094534,0.07784293,0.07058441787898374,0.3801525394933529,0.1761932952805059
S5_lag5,8.266046e-06,0.0017614762482079604,0.0018806069856509566,0.08837693,0.10650259140830233,0.3321016081865334,0.17566037714699254
M4_return_60d,6.0635343e-06,0.001113829652833298,0.0022269352339208126,0.06482864,0.06734450409696979,0.39326067496040923,0.1751446069233482
P8_vol_60,2.6072244e-06,0.0006574888886488051,0.0025848611257970333,0.027875297,0.039753173245737336,0.45646780181394847,0.1746987572770707
S5_rolling_mean_10,4.638092e-06,0.0008292708989937614,0.0024018846452236176,0.04958844,0.050139478072542876,0.42415547716430385,0.17462779902853387
V7_lag20,1.75157e-05,0.0014099192929160286,0.00142318953294307,0.18727016,0.0852467119695107,0.2513249904158115,0.1746139556250228
S5_lag60,4.971681e-06,0.0010661238465546675,0.002296695252880454,0.053155027,0.06446010982877257,0.40557979036324854,0.17439830917398094
D1_lag1,4.483809e-07,8.840836699248733e-05,0.0028983347583562136,0.0047938917,0.005345357450295008,0.5118249807946185,0.17398807664271143
M12_lag60,6.739497e-06,0.0013134519959336788,0.002095982199534774,0.07205574,0.0794140945128593,0.3701353150907838,0.17386838391607592
E11_rolling_std_20,8.0194155e-07,0.00016014666061389126,0.002842066576704383,0.008574007,0.009682806894567722,0.5018884263954883,0.17338174678968707
M2_lag1,8.0966465e-06,0.001611982075248808,0.0018946317723020911,0.086565785,0.0974638565194337,0.33457828419425467,0.17286930860789507
V10_ema_60,1.605739e-06,4.453742867603916e-05,0.0028163709212094545,0.017167857,0.002692827435786466,0.49735075926015165,0.17240381453757445
M17_return_5d,8.9740015e-06,0.0015620263141074564,0.0018459521234035492,0.09594608,0.09444342520635705,0.32598180985989733,0.17212377201631315
M2_ema_5,1.0131546e-06,0.00014620251128659721,0.00281090778298676,0.010832204,0.008839714040007801,0.49638600851566045,0.17201930870259838
E11_vol_norm_5,1.1418683e-05,0.001356511855332232,0.0017604382010176778,0.122083545,0.08201758497507167,0.310880668917971,0.17166059954139426
V7_trend,5.1086813e-06,0.0010980459768581198,0.002226520562544465,0.054619774,0.06639018955823241,0.3931874469909266,0.17139913692384434
S5_rolling_mean_60,1.1119606e-05,0.0014544117043336692,0.0017401216318830848,0.11888594,0.08793681756633825,0.3072929095754225,0.17137188964840536
M4_lag40,1.1236919e-05,0.001593027151112747,0.001675397390499711,0.1201402,0.0963178015882406,0.29586307611416296,0.1707736933486225
E7_lag1,4.7525498e-07,0.00012394517679770178,0.002824605442583561,0.0050812173,0.007493988371937999,0.4988049162487478,0.17046004063034345
M17_rolling_std_5,5.9846334e-06,0.0006151453320218048,0.0023187091574072838,0.06398507,0.037192991968920425,0.40946728687453815,0.17021511697325975
D8_vol_5,4.964981e-07,7.658146149396306e-05,0.002825395204126835,0.0053083394,0.004630277649919961,0.4989443824320633,0.1696276664847535
M2_vol_norm_60,2.59409e-06,0.0003933570611191595,0.002557347295805812,0.02773487,0.02378320252717849,0.45160905819703445,0.16770904360509786
V7_return_5d,8.221388e-06,0.001379124352828276,0.0018788045272231102,0.08789947,0.08338478455212671,0.331783307049111,0.16768918681346875
D8_ema_5,6.2284753e-06,0.000759083973322694,0.0022099274210631847,0.06659212,0.045895827626188365,0.39025721807396213,0.16758172177810063
M4_return_20d,8.459798e-06,0.0018573367862777857,0.0016975568141788244,0.09044844,0.11229852293370164,0.29977627025651743,0.16750774410382183
M4_lag5,9.553988e-06,0.0018880759350699884,0.001616594847291708,0.10214704,0.11415707709098055,0.28547897177240633,0.16726103053823305
E19_lag20,1.0354126e-05,0.0013734949510418426,0.0017275325953960419,0.11070177,0.0830444189758417,0.30506977667484003,0.1662719884136865
E19_ema_20,2.273514e-06,0.0003288015505700126,0.002571229124441743,0.024307411,0.019880039387644384,0.4540604888519976,0.16608264646789578
V7_rolling_mean_60,2.4756953e-06,0.00017038006134342253,0.002607374917715788,0.026469046,0.010301540015564095,0.4604435748274723,0.16573805369767403
V13_rolling_std_5,6.261313e-06,0.000506397496111255,0.002255536150187254,0.066943206,0.030617867072231478,0.3983113901604305,0.16529082104190054
P8_lag10,3.106189e-06,0.0003786304624945336,0.002485457342118025,0.03321001,0.02289280112792702,0.4389138117078243,0.16500554072407428
S5_vol_20,1.5539299e-06,0.00031616743981334184,0.0025989809073507786,0.016613936,0.019116154244660562,0.45896125323522896,0.16489711451053862
S12_rolling_std_10,1.9054492e-06,0.00015293865239256464,0.00262639787979424,0.020372225,0.009246995423794487,0.46380289250890616,0.16447403763478421
S5_ema_5,9.6639005e-06,0.000885070266670318,0.0018991654505953193,0.10332218,0.0535132262355078,0.3353788990296081,0.16407143446349912
I2_return_5d,1.2013689e-05,0.0017001762835910927,0.0014647094067186117,0.12844509,0.10279626548334278,0.2586571001855657,0.16329948484409376
E11_lag5,7.2720877e-06,0.0005823881623498228,0.0021298404317349195,0.07774997,0.03521242398748055,0.37611443430591807,0.16302560862282395
P11,8.7292465e-06,0.001232406311723344,0.0018174530705437064,0.093329266,0.0745139004854684,0.32094908300162145,0.16293074973359387
P8_return_5d,9.425129e-06,0.0018672090759298432,0.0015559039311483502,0.10076934,0.1128954225127605,0.2747613944118466,0.16280871930552698
P8_return_20d,6.443389e-06,0.0013794654036270338,0.0019008917734026909,0.068889886,0.08340540520704984,0.3356837551664573,0.16265968217144353
S12_lag5,5.132081e-06,0.0009795662094438274,0.002108573680743575,0.054869954,0.05922665143393898,0.37235887971156817,0.16215182822948496
E3,1.17451145e-05,0.0018504520531229974,0.0014054253697395325,0.1255736,0.11188225735936558,0.24818796752214148,0.16188127672683436
M11,6.494017e-06,0.0012659286482307962,0.001920384936966002,0.06943117,0.07654073207728632,0.3391261070333882,0.16169933664395478
M4_ema_60,6.697233e-06,0.0010527242977350637,0.0019771098159253597,0.07160387,0.06364994467642282,0.34914331087785244,0.16146570914541236
M2_return_60d,3.4592313e-06,0.0011821126379600645,0.0021283135283738375,0.03698458,0.07147303825829822,0.37584479420268024,0.16143413798709008
V7_rolling_mean_10,5.726073e-06,0.0003603329001562683,0.0022677842061966658,0.061220657,0.02178649168579701,0.40047430837190173,0.16116048571270356
P5,7.4294044e-06,0.0015933635665968504,0.0017371923895552754,0.07943193,0.09633814198220467,0.3067756265411383,0.16084856573919706
M4_return_5d,7.192909e-06,0.0015148404317607556,0.0017701195320114493,0.076903425,0.09159046664224157,0.31259032203366693,0.16036140461099288
M17_vol_20,3.4280285e-07,4.740021499923808e-05,0.002672784961760044,0.0036650975,0.0028659175710517666,0.47199451608441456,0.15950851039298233
V13_trend,6.372541e-06,0.0013294133911065265,0.0018647899851202965,0.06813241,0.08037915433136646,0.3293084401546167,0.159273334149753
M17_return_60d,4.415564e-06,0.0008539342563596231,0.002134490991011262,0.04720927,0.05163067698877328,0.37693568947854283,0.15859187892193236
D1_trend,1.1202217e-06,0.0001807286005729547,0.002560833701863885,0.011976918,0.010927234654567557,0.45222473232113997,0.15837629506044212
V10_return_5d,9.81105e-07,0.00017113434045495923,0.0025643911212682724,0.010489544,0.010347145331051907,0.45285294688920513,0.1578965453733836
S2_rolling_mean_20,7.69069e-06,0.0007880325485529638,0.001946346601471305,0.08222548,0.04764611990673346,0.3437107494383115,0.15786078284354205
P8_lag60,1.2271697e-05,0.0010112748857858845,0.0015917862765491009,0.13120359,0.06114382528399336,0.2810979573960414,0.15781512483453755
M9,6.4310575e-06,0.001228543801729176,0.0018526898929849267,0.06875804,0.0742803649358759,0.3271716512944123,0.15673668563228946
V10_lag10,5.8885246e-07,9.180097563018518e-05,0.0025919924955815077,0.006295752,0.005550481766854259,0.4577271502009678,0.15652446124936453
E19_lag40,4.1927947e-06,0.0007110423823004974,0.0021579223684966564,0.044827517,0.04299113109993824,0.3810735014745095,0.15629738323215933
V13_lag40,1.0341923e-05,0.0011346391734184612,0.0016382215544581413,0.1105713,0.06860269186449662,0.28929809202695844,0.15615736212166673
E12_return_60d,7.5352e-06,0.0006387566325924965,0.0019752979278564453,0.080563046,0.03862058129909578,0.3488233445339371,0.15600232395706123
S12_vol_norm_60,6.099341e-07,8.404341254978354e-05,0.0025811633095145226,0.006521147,0.005081443043274147,0.4558147941714319,0.15580579480828566
V13_rolling_mean_20,2.4299454e-06,0.0003445775674984386,0.0023766793310642242,0.025979908,0.02083389084416442,0.4197044007666035,0.15550606659799499
V13_vol_norm_5,8.421454e-06,0.0007442979871045696,0.0018755943747237325,0.09003849,0.045001835527027356,0.33121641730781914,0.15541891537016297
M2_rolling_std_20,2.3233283e-06,0.0002779719664026681,0.0023960918188095093,0.024840005,0.016806774880367595,0.42313250586687196,0.15492642849646168
M1_lag1,1.700462e-06,0.0001751143236742081,0.0024617337621748447,0.018180592,0.010587783561083561,0.43472439886867925,0.15449759147178205
M17_trend,4.27934e-06,0.0006096551493144809,0.002154032699763775,0.045752823,0.036861043873548764,0.3803866140751969,0.15433349376718647
M12_ema_60,8.542062e-06,0.0005486836041105891,0.0019161179661750793,0.09132797,0.03317457488312712,0.3383725908162505,0.15429171280317008
E19_lag10,5.814529e-06,0.0018005369338125244,0.0016521381912752986,0.062166385,0.10886428333761633,0.29175566955527227,0.15426211274850005
V13_vol_norm_60,5.99916e-06,0.0007212632407450515,0.001997751649469137,0.06414038,0.043609105887773086,0.35278850956535723,0.15351266496066462
E12_rolling_std_20,5.517624e-06,0.0007787315179372146,0.0020068942103534937,0.05899201,0.04708375986108821,0.35440301977179844,0.15349292974760811
M12_rolling_std_5,5.1647803e-06,0.0008334010478081133,0.001996202627196908,0.05521956,0.050389195633070816,0.3525149634221975,0.15270790663895195
M4_rolling_std_10,4.046382e-06,0.0011899968261227744,0.0019407341023907065,0.04326214,0.07194973300302357,0.3427196226452952,0.15264383153702146
E12_rolling_mean_20,7.450179e-06,0.0005234173283461651,0.001961301313713193,0.07965404,0.03164692224126745,0.34635164358758996,0.1525508679270935
E11_lag20,1.1280943e-05,0.0009822817355504055,0.0015717039350420237,0.120610885,0.05939083790405556,0.2775515609604549,0.15251776139553483
M4_rolling_mean_10,7.648819e-06,0.001086494407467098,0.0017522145062685013,0.08177781,0.06569175716311594,0.3094284238331261,0.15229933068221901
P8_return_60d,1.209154e-05,0.0009745352237017224,0.0015160409966483712,0.12927744,0.05892246736139329,0.26772188814844994,0.15197393114506066
E12_lag1,1.3148417e-05,0.001096692231845331,0.0014094763901084661,0.1405771,0.0663083392624281,0.24890334845477882,0.15192959349465623
M2_lag10,4.5306433e-06,0.0011526426053965922,0.0019077662145718932,0.048439648,0.0696912175609769,0.33689773181606847,0.15167619912647715
S2_trend,6.7304827e-06,0.0005169226370160485,0.001990474062040448,0.07195936,0.031254239423228795,0.35150334019864393,0.1515723136852852
M2_rolling_std_5,5.679779e-06,0.0009661129554442094,0.0018822542624548078,0.0607257,0.05841323915245571,0.33239250537018816,0.15051048154428032
S5_return_60d,4.969026e-06,0.0010910927608014042,0.0018683886155486107,0.053126644,0.06596978336234108,0.3299439322917994,0.14968011999909273
E19_vol_5,1.0830939e-05,0.0005730845117503213,0.0016905199736356735,0.115799636,0.03464990553205864,0.2985336150506379,0.14966105207714134
S12_rolling_mean_5,3.5377234e-06,0.0003051613520593799,0.002211727434769273,0.037823785,0.018450702826705512,0.39057508749118264,0.1489498584714317
I2_vol_norm_20,3.6438905e-06,0.0005172623860377091,0.0021324469707906246,0.038958877,0.031274781369946554,0.3765747302735527,0.14893612965618575
E12_vol_norm_20,6.2868216e-06,0.0005205358549846939,0.0019710862543433905,0.067215934,0.031472702248018666,0.34807959341660405,0.14892274335347094
V13_vol_60,1.1839563e-06,0.0001830861358321667,0.0023948366288095713,0.012658341,0.011069776238479325,0.4229108483803585,0.14887965515842358
V13_rolling_std_10,4.1676194e-06,0.0005630658791255904,0.0020789450500160456,0.044558357,0.034044157746366314,0.367126677561914,0.14857639758522204
V10_rolling_std_5,1.0174817e-06,0.00011974705260218155,0.002415608149021864,0.010878468,0.007240160875636718,0.42657894879666836,0.1482325258682162
M4_rolling_mean_5,8.487317e-06,0.0011200002974955047,0.001617469359189272,0.09074267,0.06771759436591518,0.285633404256054,0.1480312228738562
E12_ema_5,9.415196e-06,0.0005848386951967987,0.0017398351337760687,0.10066313,0.03536058840286771,0.3072423160793819,0.1477553458159381
S12_rolling_mean_20,3.190791e-06,0.0005764075697371141,0.0021194610744714737,0.034114536,0.034850824668693915,0.37428151479353,0.14774895845339805
V13_return_60d,4.724475e-06,0.0013327168415066093,0.0017585934838280082,0.05051201,0.08057888795170652,0.3105549051884874,0.14721526716972097
M12_rolling_mean_20,7.416043e-07,9.832396083288008e-05,0.0024190014228224754,0.007928908,0.005944875292461991,0.42717817643689227,0.14701731986686686
V10_rolling_std_10,2.1464593e-06,0.00038036891135619923,0.0022267932072281837,0.022949,0.02299791143468623,0.39323559407248987,0.14639416877589786
S12_return_5d,4.1704916e-06,0.0008557668922893446,0.0019391532987356186,0.044589065,0.051741482045510136,0.3424404641395109,0.14625700373344566
M12_rolling_std_20,3.19319e-06,0.0003436159733899213,0.002169261686503887,0.034140185,0.020775750824085108,0.38307594311950655,0.14599729282175558
D8_vol_norm_20,3.7714332e-07,7.10014477798171e-05,0.0024321763776242733,0.0040322505,0.004292898181275403,0.42950477827919453,0.14594330898474495
E19_rolling_mean_5,5.399247e-06,0.0006310327394409953,0.0019342878367751837,0.05772638,0.03815357833085672,0.3415812587053295,0.14582040550670816
M1_rolling_mean_5,4.571808e-06,0.00011573248682862358,0.0021585794165730476,0.04887976,0.006997431710995424,0.38118953141829376,0.1456889081260387
P9,8.700911e-06,0.0011979944141429666,0.0015233735321089625,0.09302632,0.07243328414374035,0.26901676094065335,0.14482545424681129
V7_lag1,4.774269e-06,0.0006917687731427202,0.0019277847604826093,0.05104439,0.041825807796156904,0.34043286241019605,0.14443435327062504
P12,1.2410356e-05,0.0015849443428879284,0.0011536303209140897,0.13268608,0.09582909785313472,0.203722780863595,0.14407931908838703
E11_return_5d,4.2169227e-06,0.00048757986801004625,0.00202421797439456,0.045085486,0.02948011335061569,0.3574622713548136,0.14400929024334916
E12_rolling_mean_60,3.851032e-06,-6.310496704950986e-05,0.0022266837768256664,0.041173544,-0.0038154602018311548,0.393216269453929,0.14352478434437999
V7_lag40,4.588295e-06,0.000588457406660492,0.001945042284205556,0.04905603,0.035579383376024086,0.3434804164315505,0.1427052768724846
V13_rolling_mean_60,4.5032693e-06,0.00047993812627001865,0.0019820223096758127,0.048146978,0.02901807743102046,0.35001082178639403,0.14239195907936084
P8_ema_20,2.4107458e-06,0.00011815898397479207,0.002231573686003685,0.025774635,0.007144142876913617,0.3940797920901294,0.14233285678052968
E19_return_60d,5.702071e-06,0.001075688486086923,0.0016967867268249393,0.06096404,0.06503840822882641,0.29964027839292195,0.14188090902665024
I2_rolling_std_5,5.134041e-06,0.0013452790654818968,0.0016385932685807347,0.054890912,0.08133842666736094,0.2893637340557506,0.14186435758309282
M12_return_5d,6.9654593e-06,0.0009580496102524316,0.0016528874402865767,0.07447163,0.057925712193623496,0.29188798151809925,0.14142844128925433
M4_rolling_std_20,5.5855367e-06,0.001027697458943566,0.0017122181598097086,0.059718102,0.06213676890197567,0.3023653579815691,0.1414067430334218
E12_lag60,9.147942e-06,0.0009478597522504684,0.0015238529304042459,0.09780578,0.0573096117583234,0.2691014192164336,0.14140560470911243
E19_return_20d,9.477273e-06,0.0010074607817106007,0.0014762860955670476,0.10132684,0.060913216458962686,0.2607014598063558,0.14098050480034593
M12_rolling_mean_10,3.7678258e-06,0.0004712885149480761,0.0019995938055217266,0.040283937,0.028495103578038528,0.35311382101653416,0.14063095386725383
M2_return_5d,5.080412e-06,0.001173699512684201,0.0016795449191704392,0.054317534,0.07096436285343044,0.2965954997157225,0.14062579884634405
E11_vol_norm_60,3.899556e-06,0.0006807623149076792,0.0019126106053590775,0.04169234,0.04116033397812973,0.33775321623327165,0.14020196303175939
M2_vol_60,3.8300673e-06,0.00017563939126232774,0.002087460132315755,0.040949397,0.010619530261532199,0.3686303795832033,0.14006643554460316
M2_ema_20,3.397645e-06,0.00043340333962957887,0.0020244901534169912,0.03632613,0.02620448549477871,0.35751033620395745,0.14001365022939807
P8_vol_norm_5,3.8290027e-06,0.0007106430357499916,0.0019008623203262687,0.040938016,0.04296698576017444,0.33567855396592977,0.13986118525110544
I2_rolling_mean_20,1.5781582e-06,0.00022513795575686003,0.002197596477344632,0.016872974,0.013612318495277541,0.3880796624918364,0.13952165169991462
I2_ema_60,6.0777785e-07,3.1075470828045845e-05,0.0023204833269119263,0.0064980937,0.0018788889011628902,0.40978059239248155,0.13938585833681488
M8,4.811162e-06,0.0008696276493885379,0.0017768136458471417,0.05143883,0.05257953282902023,0.3137724541788624,0.13926360593359552
V13_lag10,7.655469e-06,0.0010038610562436267,0.0015514177503064275,0.08184891,0.060695569419451804,0.27396916728327275,0.13883788288125867
S5_lag10,3.2506514e-06,0.0010064660839851358,0.0018050087383016944,0.034754537,0.060853074923964565,0.31875150382536993,0.13811970526509673
I2_rolling_mean_5,3.072621e-06,0.00034345760291693006,0.00204134127125144,0.032851115,0.02076617540926286,0.3604861218812738,0.1380344707198848
V7_vol_20,3.6273957e-06,0.0004980268236092544,0.001948093413375318,0.038782522,0.03011175845214634,0.3440192238016146,0.1376378347786966
I2_return_20d,8.079214e-06,0.0009696131254465113,0.0015165710356086493,0.08637941,0.058624866857339045,0.2678154891998407,0.13760658829784816
S5_trend,1.1751408e-05,0.00044178836126069766,0.001472620409913361,0.1256409,0.026711461693655843,0.26005412620077833,0.13746882894579385
V13_return_5d,6.626437e-06,0.001108660925412741,0.0015525638591498137,0.07084695,0.06703199187028919,0.27417156182554,0.13735016873126277
S12_ema_60,2.5296617e-06,0.00039910916341298066,0.0020331894047558308,0.027046032,0.02413098683648203,0.3590465611471225,0.13674119341117735
M17_vol_norm_60,5.8246446e-06,0.0006404633869694143,0.0017482222756370902,0.06227454,0.03872377529005883,0.30872342474343895,0.13657391391311485
M12_vol_norm_5,3.3475806e-06,0.0003539230853182307,0.0019955059979110956,0.03579086,0.02139894068055757,0.3523919437227636,0.1365272483520816
D2_trend,4.9448254e-06,0.0007275926438480073,0.0017674413975328207,0.0528679,0.04399179502889455,0.3121173828315484,0.1363256928135369
V7_rolling_mean_20,2.9523662e-06,0.00025139811234058395,0.0020464786794036627,0.0315654,0.015200063280255307,0.3613933510483893,0.13605293867725463
M17_rolling_mean_60,7.68929e-07,0.0001886378918456999,0.002192922169342637,0.008221051,0.011405447186588587,0.38725421346582184,0.13562690379226586
P8_vol_5,2.1828478e-06,0.00033317526244661664,0.00205355160869658,0.02333805,0.020144483287700087,0.362642379266773,0.13537497073488844
E11_rolling_std_10,1.9835863e-06,0.00010985159262616451,0.002137100789695978,0.021207634,0.006641860369629254,0.3773965610731133,0.13508201860078026
I2_ema_20,2.1781188e-06,0.00020198089888141536,0.00209163804538548,0.02328749,0.012212193702715972,0.3693681688501293,0.13495595085436893
V7_lag60,5.7902475e-06,0.0008251144694369827,0.0016570447478443384,0.06190678,0.04988817152256621,0.29262213200046644,0.13480569485687174
M3,5.602498e-06,0.0015343203156675477,0.0014251295942813158,0.059899446,0.09276826175501525,0.2516675912331689,0.13477843287044786
M4_rolling_mean_20,4.907622e-06,0.00106693202291972,0.0016267772298306227,0.05247014,0.06450897388656533,0.2872771069713849,0.1347520736723601
E11_ema_60,3.6734052e-06,0.0005257946568374306,0.0018835155060514808,0.039274435,0.03179066056598579,0.3326152318781539,0.13456010931150317
S5_rolling_std_20,1.6812266e-06,0.0003897230589053668,0.0020483084954321384,0.017974937,0.023563483042827696,0.3617164833404519,0.13441830123931212
E7_return_20d,1.0827524e-06,7.623760095915033e-05,0.0021915778052061796,0.0115763135,0.004609487112393351,0.3870168084709918,0.13440086970294116
M2_rolling_mean_20,1.3472985e-06,0.00012155094433667913,0.0021586776711046696,0.014404723,0.007349227997341857,0.3812068824587888,0.1343202779589566
E11_return_20d,1.0594431e-06,0.000261193616872879,0.002127220621332526,0.0113271,0.015792320268053207,0.37565179471433036,0.13425707165625264
M4_rolling_std_60,3.5667342e-06,0.0007550550724609972,0.001805991749279201,0.038133956,0.045652231731702485,0.3189250964627396,0.1342370948954631
M2_vol_norm_5,2.9092473e-06,0.0003693882784056024,0.001977316103875637,0.031104393,0.02233399906815179,0.34917973983965006,0.13420604407039874
V7_return_20d,5.843492e-06,0.0008694935546822546,0.0016282051801681519,0.06247605,0.052571425178560664,0.28752927268549866,0.1341922493242435
P8_rolling_std_5,1.7304907e-06,0.0003178025224869985,0.0020610259380191565,0.018501647,0.019215014812373817,0.36396229183068607,0.13389298448659678
M12_rolling_std_10,4.9716236e-06,0.0006519115957876242,0.0017340662889182568,0.053154416,0.039415958285636064,0.30622357975154957,0.1329313181398328
V10_vol_norm_5,1.9941738e-06,9.874555175223287e-05,0.002098382916301489,0.02132083,0.0059703655739636345,0.3705592643290402,0.13261681969032196
S2_rolling_mean_60,2.821368e-06,0.0008226266950886573,0.0018002238357439637,0.030164829,0.04973775540698968,0.31790652459974605,0.13260303617690974
P3,7.87749e-06,0.0017334288750724292,0.001164269051514566,0.08422267,0.10480678771854572,0.20560150383359316,0.1315436528237901
M17_vol_norm_5,4.075052e-06,0.0006679662909152562,0.0017572450451552868,0.043568663,0.04038665921737022,0.3103167806599875,0.13142403439214714
P8_vol_20,1.9297656e-06,0.0003549881820977374,0.001986544346436858,0.020632206,0.02146333869173343,0.3508093808112623,0.1309683083446656
V7_return_60d,5.4033535e-06,0.0008377742070504124,0.00160995835904032,0.057770282,0.050653606119683885,0.28430701588911256,0.1309103013463007
S12_vol_norm_5,2.849233e-06,0.0005906991594099353,0.0018441437277942896,0.030462747,0.03571492450373177,0.3256624602591275,0.13061337740086712
P2,3.4316704e-06,0.0003616449415433487,0.0018833399517461658,0.03668991,0.021865820491905618,0.3325842302560372,0.13037998726187544
M2_rolling_std_60,3.5089674e-06,0.0002668368731048365,0.0019090668065473437,0.037516337,0.016133523513510516,0.33712740696347415,0.13025908912168652
V10_trend,2.7466756e-06,0.00013618667896682092,0.001993256388232112,0.02936625,0.008234135566694622,0.35199467890460495,0.12986502122996088
V10_rolling_mean_5,3.3499114e-06,0.00029681609058871403,0.0018985406495630741,0.03581578,0.01794613061149115,0.3352685636808678,0.1296768244706963
S5_return_5d,6.520661e-06,0.0009418977118777593,0.0014788792468607426,0.069716044,0.056949134147330674,0.26115939159193247,0.12927485650319212
S5_lag20,5.0404374e-06,0.0009298770728577765,0.0015695865731686354,0.053890143,0.05622234080719091,0.2771776501494081,0.1290967111821355
M17_lag5,1.9521162e-06,0.00037039785387569244,0.0019430472748354077,0.02087117,0.02239504014315705,0.343128112188703,0.12879810739899714
P13,7.291509e-06,0.001428055112729687,0.0012514479458332062,0.07795761,0.08634324211542306,0.22099666679111174,0.12843250557075456
D2_lag5,1.13607456e-07,2.7094828001894554e-06,0.002170274034142494,0.001214641,0.00016382107898983838,0.3832547163992989,0.12821105950274508
M4_vol_5,2.6621055e-06,0.0002578992399307922,0.0019266080344095826,0.028462064,0.015593135248235341,0.34022506108635275,0.12809341995191162
M1_vol_norm_60,1.3664587e-06,0.00015337409188113105,0.00203636079095304,0.014609576,0.00927332301917422,0.3596066050394987,0.1278298347538673
S12_vol_5,9.574275e-07,0.00013152068988133702,0.0020543765276670456,0.010236394,0.007952019966445994,0.3627880539977537,0.12699215587483556
S2_vol_5,1.6384453e-06,0.00017602309430490016,0.001994410529732704,0.017517537,0.010642729761614466,0.352198491956107,0.12678625286543574
S5_lag40,3.7098143e-06,0.0006758508320288236,0.0016954162856563926,0.039663706,0.0408633753022533,0.2993982683826051,0.1266417832198919
S5_rolling_std_10,4.433399e-06,0.0007352650720586218,0.0016274574445560575,0.047399957,0.044455686317610994,0.28739722797803474,0.12641762367621137
I2_vol_norm_5,2.2972342e-06,0.0002511190014587106,0.001920027774758637,0.02456102,0.015183187644129069,0.33906303476770244,0.12626908067539014
E7_rolling_std_5,5.114963e-07,6.686577869350341e-05,0.002082038437947631,0.0054686936,0.004042846853391922,0.3676729475240394,0.12572816264642775
V7_rolling_std_20,2.842883e-06,0.0004896500582714624,0.001796079333871603,0.030394856,0.02960528144628168,0.3171746355089126,0.12572492428063067
V13_vol_5,2.582975e-06,0.00018792637488314058,0.0019140313379466534,0.027616033,0.011362427361359253,0.33800410734488456,0.12566085601226784
V2,5.744273e-06,0.0009325376676251774,0.0014619333669543266,0.061415244,0.056383206011989345,0.25816687161726665,0.12532177384103926
E16,8.094252e-06,0.0015572127639326139,0.0011046709259971976,0.086540185,0.0941523877495556,0.1950769054032785,0.12525649268929995
S12_ema_5,4.340683e-07,0.00010296217351136727,0.0020649712532758713,0.0046408675,0.006225311472208542,0.3646590060041179,0.1251750616480987
P8_lag5,4.41954e-06,0.0006060419797767058,0.001648990553803742,0.04725178,0.03664258397699208,0.2911998195162859,0.12503139435978491
S2_rolling_std_5,3.559593e-06,0.0007636752126713775,0.001644662581384182,0.038057607,0.046173423698748536,0.2904355308522058,0.12488885373941151
I2_return_60d,3.0295907e-06,0.0005043260381130121,0.0017584423767402768,0.032391053,0.030492622326507113,0.3105282207683896,0.12447063192934177
I8,6.694486e-06,0.000851805483221979,0.0014167618937790394,0.0715745,0.05150196684811136,0.2501899157726221,0.12442212810466075
M17_rolling_mean_20,9.785215e-07,0.00010070184688035778,0.002018924802541733,0.010461922,0.006088647328211928,0.35652753544340626,0.12435936819175714
M12_lag40,9.149248e-06,0.0003935080885687836,0.0014160205610096455,0.097819746,0.023792333967227776,0.25005900176092505,0.1238903604229239
V10_lag5,3.5201057e-07,9.644750368339449e-05,0.002047531073912978,0.0037635423,0.005831420711799796,0.36157919631625074,0.12372471976859634
S12_rolling_std_20,1.9062959e-06,0.0003618130574404077,0.0018562262412160635,0.020381277,0.021875985135744517,0.32779614484549924,0.12335113580277368
M1_ema_5,8.559657e-07,8.112571795837464e-05,0.002003359142690897,0.00915161,0.0049050330376103355,0.35377875235986483,0.1226117983373222
I2_rolling_std_10,4.728792e-06,0.000910031634968278,0.001482378225773573,0.05055817,0.05502244352500253,0.26177728599136196,0.1224526326524739
E2,9.679792e-06,0.0011516240977683333,0.0010923161171376705,0.10349208,0.06962963642873679,0.19289513540965805,0.12200561766790285
I2_rolling_std_20,2.1452863e-06,0.0001791390123657366,0.0018808550667017698,0.02293646,0.010831124778823822,0.33214541750797283,0.1219710006391748
D2_rolling_std_20,5.3729906e-07,2.9398400046420915e-05,0.002026182599365711,0.0057445653,0.0017774896433529063,0.35780920993229476,0.12177708828464645
S5_rolling_std_60,1.4772248e-06,0.0002867400892925476,0.0018802023259922862,0.01579384,0.017336914194200893,0.33203014821406807,0.12172030062594034
S2_return_5d,3.2680798e-06,0.0004839412455765801,0.0017039964441210032,0.034940872,0.029260114517980412,0.3009134623845066,0.12170481641462716
M4_rolling_std_5,4.7358503e-06,0.0006372902363296684,0.0015611924463883042,0.05063363,0.038531919869694425,0.27569530799905995,0.12162028650512917
D8_lag1,2.192999e-07,4.8277223071657716e-05,0.00203209207393229,0.0023446581,0.002918943339916783,0.3588527804507883,0.12137212730778252
M17_rolling_mean_5,1.7273499e-06,0.00018110553223513737,0.0018908324418589473,0.018468065,0.010950024742624171,0.3339073498843072,0.1211084799380888
V5,4.1000394e-06,0.0009545800748640198,0.001474797842092812,0.04383582,0.05771593672249546,0.26043864499392877,0.12066346682799062
P8_rolling_mean_20,9.3809246e-07,3.8792571183365875e-05,0.001978547777980566,0.010029673,0.002345481162532106,0.34939724458898347,0.12059079946551599
E12_rolling_std_60,1.4411673e-06,0.0001824622652644159,0.0018888924969360232,0.015408328,0.011032055700245316,0.3335647696250547,0.12000171770943857
V13_lag5,6.2491204e-06,0.0008464266513974694,0.0013654239010065794,0.06681285,0.05117675126337525,0.241123997113971,0.11970453297075406
E19_ema_5,5.906006e-06,0.0009354271361359135,0.0013556535122916102,0.06314442,0.05655790940892652,0.23939861704806337,0.11970031650818654
S2,1.1682984e-05,0.0005656163289140537,0.0011281390907242894,0.124909334,0.034198363352036236,0.19922121376037835,0.11944297033237687
M1_rolling_mean_20,3.2948662e-06,0.00025050349980692,0.0017385534010827541,0.03522726,0.015145973108310899,0.3070159713449622,0.11912973531231413
E19_rolling_std_10,4.78695e-06,0.0005422429357942238,0.00154325389303267,0.051179964,0.032785158411124095,0.2725274890643217,0.11883087052359997
M2_ema_60,2.2837223e-06,0.0002013929888278865,0.0018078912980854511,0.024416557,0.012176647413471641,0.3192605430596085,0.11861791568497831
M1_rolling_std_10,9.48453e-07,5.3859942944656236e-05,0.001937921391800046,0.010140443,0.0032564864286674044,0.34222291827396784,0.11853994930778994
M17_rolling_std_10,1.6915828e-06,0.0002533800196088287,0.0018117292784154415,0.01808566,0.015319893598838232,0.31993830266036677,0.11778128555737087
E19_rolling_mean_60,2.1395279e-06,0.00011364504593289749,0.0018315360648557544,0.022874892,0.0068712206053772405,0.32343603806176874,0.11772738347503703
S12_lag60,3.3452761e-06,0.0005858698434001109,0.0015955144772306085,0.03576622,0.03542293381109588,0.2817563307039243,0.11764849536596993
E12_return_5d,5.7848865e-07,8.180352712913174e-05,0.0019325381144881248,0.0061849463,0.004946014818227238,0.34127227038940505,0.1174677438292017
M12_lag5,3.547354e-06,0.0002832138002546225,0.0016799926524981856,0.037926752,0.017123707277005278,0.296674566186983,0.11724167519474825
S2_return_60d,6.304461e-06,0.0008081138305268242,0.0013325297040864825,0.06740452,0.048860276822668476,0.2353151195651155,0.11719330662654781
S12_return_20d,3.0157078e-06,0.0005536749253945983,0.0016183104598894715,0.032242622,0.03347636075837761,0.2857819365636092,0.11716697318282115
S2_return_20d,2.4937347e-06,0.0005406496575347197,0.001648459816351533,0.026661916,0.032688825426989726,0.29110609511626595,0.11681894541595454
E11_vol_norm_20,6.6330836e-06,0.000944557616151942,0.0012555579887703061,0.070918016,0.057109957603444075,0.22172247068290898,0.1165834814740152
M4_lag20,7.477008e-06,0.0007150630720602735,0.0012804261641576886,0.079940885,0.04323423053377995,0.22611401080895813,0.11642970888271424
P8_lag20,1.7458376e-06,0.0004504166701723711,0.0017171322833746672,0.01866573,0.027233147557714155,0.3032331567035786,0.11637734445062138
E11_rolling_mean_5,5.5159376e-07,7.98833369343055e-05,0.0019113136222586036,0.005897398,0.004829916044852427,0.33752417838711635,0.11608383084624087
V10,1.8032777e-06,2.6537887024891127e-05,0.0018536279676482081,0.019279853,0.0016045369567299368,0.3273373085033091,0.1160738993231792
D2_vol_norm_60,5.150642e-07,4.285946931283924e-05,0.0019250912591814995,0.00550684,0.002591374452449095,0.339957209538237,0.11601847468651101
M2_trend,1.6610613e-06,0.00027628135802985063,0.0017701167380437255,0.017759338,0.0167045571110705,0.31258982863915047,0.11568457459049979
I2_vol_5,1.4605334e-06,0.0002828163755156154,0.001773026422597468,0.015615382,0.017099678134042336,0.31310365791181954,0.1152729060925446
M17_vol_60,2.2945311e-07,2.645007853550041e-05,0.0019336976110935211,0.0024532117,0.0015992278691522451,0.34147702911373023,0.11517648955927944
E12_lag40,9.133391e-06,0.0005895978448519634,0.0012013550149276853,0.09765021,0.03564833668882423,0.212150617063852,0.11514972044393738
S2_vol_norm_60,2.670161e-06,0.0004949326715269709,0.001617096015252173,0.028548187,0.02992467945218262,0.2855674744137939,0.11468011350362943
M12_rolling_std_60,2.5870743e-06,0.00022037314520325645,0.001711927354335785,0.027659861,0.013324227939390296,0.302314003835649,0.11443269771532015
P8_ema_5,7.676405e-07,0.0001717551775760495,0.0018310326850041747,0.008207275,0.010384682460664556,0.323347144816389,0.11397970062597233
E17,9.13101e-06,0.0012983398134254974,0.0009336363873444498,0.09762475,0.07850037989388901,0.16487344142839686,0.11366619008917404
M1_return_60d,3.8176827e-07,6.29310291732188e-05,0.0018814606592059135,0.0040816986,0.0038049435487750036,0.33225236076941256,0.11337966763946346
S2_lag1,5.2659684e-06,0.00030596789683057235,0.001498335157521069,0.056301422,0.018499468234871648,0.2645951648653107,0.11313201850578207
E7_rolling_std_20,2.6558675e-07,-3.7451585342962447e-07,0.0019021076150238514,0.0028395369,-2.264402313362211e-05,0.33589846401353085,0.11290511895405277
E19_vol_20,6.1236838e-06,0.0001325675795921244,0.0015012389048933983,0.06547174,0.008015317139615926,0.2651079456746323,0.11286500046371244
S5_return_20d,4.574976e-06,0.0007574110739185569,0.0013808566145598888,0.048913635,0.045794680578711985,0.2438493028417715,0.11285253957799812
M2_lag40,2.0563405e-06,0.00028047857867599115,0.0016948842676356435,0.021985488,0.01695832997685916,0.29930431784343176,0.11274937861090799
E19_return_5d,4.2727006e-06,0.0005370573694298497,0.0014689371455460787,0.045681838,0.032471628066172,0.25940368832136823,0.11251905144457225
E19_ema_60,7.5425446e-06,0.0005039045943101339,0.0012708816211670637,0.080641575,0.030467140939979667,0.22442851346646323,0.11184574318802842
M17_lag20,9.0879564e-07,0.00011598742292109331,0.0018034480744972825,0.009716444,0.007012845688061056,0.318475901871725,0.11173506375908858
M5,5.4654024e-06,0.0003733780909812801,0.0014384046662598848,0.05843368,0.02257523160192873,0.25401187304564377,0.11167359545800941
M2_return_20d,2.4500605e-06,0.000549908641776542,0.0015549035742878914,0.026194971,0.03324864325965475,0.274584738616854,0.11134278431043372
I7,3.5706184e-06,0.0005692883806051263,0.0014784660888835788,0.038175482,0.034420383388515496,0.26108643087781297,0.1112274321897442
M1_lag5,3.5187957e-06,0.00019891506989301312,0.0016075106104835868,0.037621416,0.012026827177103312,0.28387476117649596,0.11117433483504095
M12_return_20d,4.586814e-06,0.0006071786888175556,0.001401156303472817,0.049040202,0.03671131181743324,0.24743408125911648,0.1110618650426503
V7_rolling_std_60,2.066699e-06,0.0004925752336501166,0.0015902052400633693,0.022096237,0.029782143756214824,0.28081875777404736,0.1108990462326594
V7_vol_60,2.315857e-06,5.215786767773789e-05,0.0017228989163413644,0.024760125,0.003153575346622896,0.3042515024274188,0.11072173432632082
I2_vol_norm_60,1.6265213e-06,0.00013644903708535106,0.0017289227107539773,0.017390052,0.008249998295203674,0.3053152610048769,0.11031843705223919
V7_lag10,2.0778007e-06,0.00036170637627868095,0.0016238619573414326,0.022214932,0.021869534966353982,0.28676229090968297,0.11028225274774751
S10,3.5104163e-06,0.0009362580263693853,0.0013367647770792246,0.037531827,0.05660814679539746,0.23606300286152374,0.11006765876735236
S12_rolling_std_5,2.469561e-06,0.00038314441250656415,0.0015840500127524137,0.02640346,0.023165724123203214,0.27973178909621144,0.10976699129035027
M4_vol_60,5.13175e-07,9.141742028951904e-05,0.0018005139427259564,0.0054866415,0.005527291197142635,0.317957755397037,0.1096572293796761
I2_rolling_std_60,3.0867552e-06,0.00023347360731488243,0.0015910989604890347,0.03300223,0.014116309674783487,0.28097658234499556,0.10936504109661797
M1_trend,4.4433605e-06,0.0004206028004408835,0.0014433171600103378,0.04750646,0.025430537735672377,0.25487938395418536,0.10927212691572961
M12_return_60d,2.6824052e-06,0.0004123532997921675,0.0015512254321947694,0.028679099,0.024931755422935225,0.27393520529405735,0.10918201988364258
S12_vol_60,1.6703734e-06,0.00034257925997023265,0.0016345838084816933,0.017858898,0.020713068931066718,0.2886556923665454,0.10907588652158735
S2_vol_norm_5,2.486885e-06,0.0006514759754562948,0.0014786628307774663,0.026588682,0.039389619756119175,0.26112117407501273,0.10903315863880252
E11_rolling_mean_20,3.6470171e-06,0.000542106393689068,0.0014391802251338959,0.038992304,0.03277690278573588,0.2541488311401673,0.10863934609360308
I2_lag60,2.6079454e-06,0.0002500191297870158,0.0015998838935047388,0.027883006,0.015116687069187312,0.28252793805333165,0.10850921046077266
E11_trend,1.5398024e-06,0.00024417457614936964,0.001665505231358111,0.01646289,0.01476331295547593,0.29411619227058017,0.10844746521911368
S2_rolling_std_10,3.175558e-06,0.0005337306248069717,0.0014660367742180824,0.03395167,0.03227048602769683,0.25889150369708736,0.10837121988539865
E12_vol_norm_60,2.6336506e-06,0.0004095968124763094,0.0015398950781673193,0.028157836,0.024765092351195447,0.2719343466231339,0.10828575826686904
E12_ema_60,1.0823326e-06,0.0001460523256133439,0.0017161740688607097,0.011571825,0.008830633495543945,0.3030639429425424,0.10782213366290501
M2,6.0028137e-06,0.0009839735413304184,0.0011300301412120461,0.06417945,0.059493128071132315,0.19955515961559303,0.1077425793200797
E11_lag1,3.8174005e-07,7.121822119486865e-05,0.001773672178387642,0.004081397,0.004306004761892034,0.3132176937194332,0.10720169844433795
P4,4.8061224e-06,0.00110979733129557,0.0011435635387897491,0.05138495,0.06710070138115319,0.20194505986273437,0.10681023647930483
S12_trend,1.2372102e-06,0.0002212154307520753,0.0016633447958156466,0.013227708,0.013375154310805314,0.29373467496073813,0.1067791789926451
V7_rolling_std_10,2.8255606e-06,0.0007501809197159037,0.001384100061841309,0.030209653,0.045357530114919144,0.24442207220105103,0.10666308513182664
S11,3.420036e-06,0.0005415325083691691,0.001419265754520893,0.03656552,0.03274220446164403,0.25063207949177735,0.10664660127424963
M6,2.7642204e-06,0.0004208695265420892,0.0014995320234447718,0.02955383,0.025446664561681834,0.26480652274129335,0.1066023393088673
E12_vol_20,1.1695946e-06,0.0001011680262614334,0.0016947537660598755,0.012504792,0.006116833522715647,0.29928127220789275,0.10596763252383977
E11_ema_20,4.0615373e-07,4.873513541016061e-05,0.0017469609156250954,0.004342417,0.00294662969148582,0.30850067767736833,0.1052632415338488
I2_vol_regime_20,6.6431176e-07,4.356979100774705e-05,0.0017300161998718977,0.0071025295,0.002634322009260141,0.305508363283751,0.10508173827043914
V13_rolling_std_20,2.8839336e-06,0.0004956430150212743,0.0014405519468709826,0.030833751,0.02996762832703138,0.25439106728963756,0.10506414885996
V10_rolling_mean_60,3.1267987e-06,0.00024859065920980196,0.001507145119830966,0.033430357,0.015030318707207658,0.26615094056618993,0.10487053860191096
I2_lag40,1.942008e-06,0.0003355949379163059,0.0015437875408679247,0.020763097,0.02029078200058434,0.27262172741696294,0.10455853558282503
M1_vol_norm_5,5.7039188e-06,0.0002225755835443155,0.001354023814201355,0.060983792,0.01345739203455106,0.23911082413824125,0.10451733604005237
M10,4.5938095e-06,0.0004528726964687313,0.0013362522004172206,0.049114995,0.02738164411870691,0.2359724855258607,0.10415637478309699
I2_lag10,2.0571158e-06,0.0004772118843669237,0.0014785281382501125,0.021993779,0.028853243061110048,0.2610973883476991,0.10398147001826713
S5_vol_5,2.0345656e-06,0.0002021121502353451,0.0015689238207414746,0.021752682,0.012220129438059316,0.27706061285848604,0.10367780795990383
S2_lag5,5.1202032e-06,0.0005007187079766994,0.0012798396637663245,0.054742962,0.030274515492552685,0.22601043907671414,0.1036759722304101
E12_rolling_mean_10,4.8917323e-06,0.00035514233667385266,0.001335272565484047,0.052300252,0.021472659204485402,0.23579948907353174,0.10319080009945873
S6,3.894192e-06,0.0004674066672418764,0.001355823129415512,0.04163499,0.02826039882934649,0.2394285702068326,0.1031079869337338
P8_vol_norm_20,1.8852003e-06,0.00014973883302003,0.001578821917064488,0.020155733,0.009053527555260846,0.27880854516541625,0.1026726020573081
M7,1.2109496e-06,0.00012570649448457872,0.0016254024812951684,0.012946941,0.007600481376391797,0.2870343363111885,0.10252725288202674
M17_vol_norm_20,3.3923905e-06,0.00041680966204389326,0.001390719786286354,0.036269948,0.0252011965400356,0.24559106771724612,0.1023540707145829
M2_vol_5,1.713131e-06,0.00011669600052127693,0.0015879771672189236,0.018316044,0.007055687793204515,0.28042529620528633,0.10193234251310875
M12_lag1,4.2672004e-06,0.0007031426611041281,0.0012306761927902699,0.04562303,0.04251349719504036,0.21732852525859217,0.10182168432238585
E12_rolling_std_10,2.0598793e-06,0.00017161967355943107,0.0015441850991919637,0.022023324,0.010376489600311895,0.2726919333450323,0.10169724895623118
M4_lag60,4.785392e-06,0.000710211289557261,0.0011887691216543317,0.05116331,0.042940881469297254,0.20992803923210052,0.1013440763412758
V7_vol_5,1.256578e-06,0.00013851260817907552,0.0015943209873512387,0.01343478,0.008374766181946687,0.2815455690129824,0.1011183716750687
M17_vol_5,2.149711e-06,0.00013143433101160397,0.0015376067021861672,0.022983765,0.007946798525948559,0.2715302359560596,0.1008202665705303
M1_lag60,5.281298e-07,9.428672410282113e-05,0.0016483929939568043,0.005646532,0.005700775393688166,0.29109429476408094,0.1008138673645168
E7_vol_norm_5,6.7291427e-07,6.472280361808913e-05,0.001647347118705511,0.0071945037,0.003913278033439218,0.29090960075009126,0.10067246081989224
E11_lag40,3.1069956e-06,0.00026077086774711766,0.0014242100296542048,0.03321863,0.01576675995893466,0.2515052027629435,0.1001635307933668
M12_vol_5,1.4231953e-06,0.00010229181816177047,0.0015800370601937175,0.015216178,0.006184780365434261,0.2790231306638607,0.10014136309667952
M1_rolling_std_5,7.480258e-07,8.351322553030726e-05,0.0016266187885776162,0.007997563,0.005049386811143448,0.2872491273906815,0.1000986924368756
V10_rolling_mean_10,6.663694e-07,5.796454981030763e-05,0.001637426670640707,0.0071245288,0.003504659668782858,0.2891577212870295,0.0999289699034383
S12,2.780563e-06,0.00069521400255802,0.0012866018805652857,0.029728556,0.04203411367657898,0.227204597713248,0.09965575581389242
M2_rolling_mean_60,1.295318e-06,0.00022905689745559288,0.0015262467786669731,0.013848972,0.013849266025462931,0.2695241555265038,0.09907413104248843
M2_lag20,2.3202356e-06,0.0006084115600411222,0.0013281694846227765,0.024806939,0.03678585382747519,0.23454513630599144,0.09871264306630767
V10_ema_20,3.0072003e-06,0.00015727393247120248,0.0014375955797731876,0.032151666,0.009509115655801844,0.2538689942169229,0.09850992513709138
M12_lag20,5.8508175e-07,0.0001259620372726533,0.001588746439665556,0.006255437,0.007615932035560965,0.28056114416214784,0.0981441711173439
M1_lag10,9.0012196e-07,0.00011959644557869575,0.00156109977979213,0.009623708,0.0072310548554438,0.27567894374759777,0.09751123560215884
M12_ema_5,3.6424503e-06,0.00027808128964389444,0.0013394186971709132,0.038943477,0.016813384795490553,0.2365316659778331,0.09742950924942927
M17_return_20d,2.8110862e-06,0.00044868082811913015,0.0013304305030032992,0.030054899,0.027128194864123344,0.23494441581842557,0.09737583653837502
I2_rolling_mean_60,1.6477226e-06,5.295389266607442e-05,0.0015152106061577797,0.017616726,0.0032017047063970364,0.26757524718654113,0.0961312261170036
M1_rolling_mean_60,2.3517372e-07,2.0160178741002176e-05,0.0016100592911243439,0.002514374,0.0012189271818769418,0.2843248397660192,0.09601938030821112
M4_vol_20,7.091527e-07,8.693845203301409e-05,0.0015583079075440764,0.007581949,0.005256483273028641,0.2751859192770389,0.09600811710613834
S2_rolling_std_20,2.2583213e-06,0.00037168407559169393,0.001366648357361555,0.02414498,0.022472807837168908,0.24134022726080356,0.09598600476392638
M1_rolling_std_20,2.4364372e-06,0.00014021948416576002,0.0014343237271532416,0.026049316,0.008477967525694264,0.2532912086800595,0.09593949737838886
E19_lag60,2.6262035e-06,0.0005524130477472577,0.0012791701592504978,0.028078213,0.03340006495840942,0.2258922094157107,0.09579016256940122
V10_vol_norm_60,1.9432304e-07,1.0923837894760702e-05,0.0015981232281774282,0.0020776165,0.0006604784169527304,0.28221701727555115,0.09498503740362241
I2_lag20,8.51849e-07,6.645578539626884e-05,0.0015373496571555734,0.009107595,0.004018057788730994,0.27148484366054654,0.09487016558629756
M12_vol_norm_60,7.209794e-07,8.748375876801439e-05,0.0015361813129857183,0.007708395,0.005289453675240432,0.2712785225202526,0.09475879036515245
P8_rolling_mean_10,2.5763043e-07,3.7564655331634446e-05,0.0015763299306854606,0.0027544715,0.002271238764785457,0.2783684783729559,0.0944647295451172
M17_rolling_std_20,1.8314086e-06,0.00017538109549745107,0.0014270565006881952,0.019580616,0.010603913151544402,0.252007868984678,0.09406413260687081
S12_rolling_std_60,3.163261e-06,0.00036773066435483723,0.0012684945249930024,0.033820197,0.022233776205572233,0.22400696952647448,0.09335364757274837
M1_return_20d,2.332516e-06,0.00017705797117446577,0.0013762685703113675,0.024938237,0.010705300612915684,0.24303908737145222,0.09289420830213119
S2_vol_regime_20,2.45051e-07,7.989269504515839e-07,0.0015573841519653797,0.0026199778,4.830481856090321e-05,0.2750227907150388,0.09256369111374195
M17_lag40,1.5231564e-06,0.0002423990811431187,0.0013968904968351126,0.016284918,0.014655962760211815,0.24668077062302735,0.09254055059860178
D8_rolling_mean_60,5.7846086e-07,8.13182416306013e-05,0.001506500062532723,0.006184649,0.004916673427323477,0.2660370281072054,0.0923794502408668
E12_lag20,4.146344e-06,0.0002962330338787345,0.0012133278651162982,0.044330887,0.017910877765695474,0.21426493591545323,0.09216890039254004
D2_ema_20,4.1926846e-06,0.00017805481023138725,0.0012508119689300656,0.044826344,0.010765571617357075,0.22088435786430566,0.09215875771241633
V4,1.7179053e-06,0.0002495675201317993,0.001367805409245193,0.01836709,0.015089381791222593,0.24154455426492688,0.09166700846243318
V13_rolling_mean_5,2.3596933e-06,0.0003708979743048513,0.0012798788957297802,0.025228804,0.022425278485442866,0.22601736715804924,0.09122381654028745
S12_rolling_mean_10,4.3377443e-07,6.501113915931e-05,0.0015011929208412766,0.0046377257,0.0039307114120421816,0.2650998252232158,0.0912227540955074
M12_rolling_mean_5,1.243902e-06,4.7830728215825234e-05,0.0014560496201738715,0.013299254,0.0028919473135752337,0.2571278444399454,0.09110634850757986
V7_lag5,1.2305767e-06,0.00012005187135278872,0.0014218080323189497,0.013156786,0.007258590864052702,0.25108102738553373,0.09049880129309205
I2_lag5,1.5633314e-06,0.0004693476865480606,0.0012802744749933481,0.016714452,0.028377756974988518,0.22608722359833608,0.09039314413596135
V3,3.3877857e-06,0.0005117431419451978,0.0011457998771220446,0.036220714,0.030941076161564995,0.20233998105693987,0.08983392388946247
E7_ema_5,1.6242502e-07,3.5597595986902596e-05,0.0014847655547782779,0.001736577,0.002152306183161952,0.26219887104756046,0.08869591808296218
M1_return_5d,3.8393117e-07,4.094838296225811e-05,0.0014688830124214292,0.0041048233,0.0024758261168135775,0.2593941288026121,0.08865825941971872
M16,5.3719845e-07,9.126586151411153e-05,0.0014264951460063457,0.0057434896,0.005518127632009134,0.251908737803082,0.08772345167860306
S2_rolling_std_60,1.4454266e-06,0.000320885601609755,0.0012925718910992146,0.015453867,0.019401424317710293,0.22825885844626448,0.08770471648230715
M17_lag1,5.1310263e-07,2.9555808626813286e-05,0.0014473184710368514,0.005485868,0.0017870069001077135,0.2555859865760509,0.08761962051920302
E12_lag10,2.8119198e-06,0.000239278083455996,0.001233982853591442,0.030063812,0.014467260618019409,0.2179124576688063,0.08748117665881365
D8_rolling_mean_20,3.5005667e-07,1.6795499949795455e-05,0.0014573326334357262,0.003742652,0.0010154915630971627,0.2573544153135185,0.08737085296350451
I2_rolling_mean_10,5.338172e-07,9.696095740474586e-06,0.001430995180271566,0.0057073385,0.0005862465213221708,0.25270341134613317,0.08633233210659817
S5_vol_60,5.63383e-07,5.0059782506350904e-05,0.00139175436925143,0.006023444,0.0030267206655135853,0.2457737675950652,0.08494131067674744
S12_ema_20,2.1464878e-07,-8.663384065243918e-07,0.0014294639695435762,0.0022949304,-5.238065822644798e-05,0.2524330105930158,0.08489185344379697
E12_return_20d,1.7409047e-06,0.00016964501376443009,0.0012761385878548026,0.018612988,0.010257097479338735,0.22535685580726167,0.08474231385992377
S2_ema_5,2.2965482e-06,0.0003363403377856566,0.001178808743134141,0.024553685,0.020335850458249906,0.20816910833907454,0.08435288110502188
P1,3.0874924e-06,0.0004943387717483594,0.0010765384649857879,0.03301011,0.029888771011450998,0.1901089160171813,0.08433593242922947
D8_lag10,1.0636052e-06,5.569658311206371e-05,0.0013415752910077572,0.0113715995,0.00336753359011081,0.23691250487021503,0.08388387932354598
M1_vol_norm_20,1.0998796e-06,0.00014022557539508095,0.0013070390559732914,0.011759429,0.008478335814343176,0.2308136552524231,0.08368380676850096
S9,2.1881335e-06,0.00039061964551488914,0.0011542587308213115,0.023394562,0.023617692571587027,0.2038337535135857,0.08361533612973089
S1,8.605851e-07,0.00015338224355526675,0.0013137450441718102,0.009200998,0.009273815886688415,0.23199788432431348,0.08349089928720842
M1_lag40,5.610101e-07,9.947401669309075e-05,0.001342093339189887,0.0059980736,0.006014410109920557,0.23700398843680612,0.08300549071937839
V6,1.9865683e-06,0.00025577290733440615,0.0011963665019720793,0.021239515,0.015464572667876141,0.21126968171284208,0.0826579232582302
V13_vol_20,2.230508e-06,0.00022097380957329936,0.0011848506983369589,0.023847612,0.01336054538167275,0.2092360739808895,0.08214807699452815
E11_rolling_mean_60,1.0800446e-06,9.865486845651583e-05,0.0012921906309202313,0.011547362,0.0059648826694957855,0.22819153065287442,0.08190125858475135
S2_vol_60,9.833989e-07,0.00013744585360204732,0.0012813021894544363,0.010514068,0.008310267936815222,0.22626871054796888,0.0816976823006784
P8_lag40,5.1604284e-06,0.00031578205844668973,0.0009659797069616616,0.055173032,0.019092853269543426,0.17058503802509306,0.08161697442679873
V8,1.2454349e-06,0.000150307219518675,0.0012585920048877597,0.013315642,0.009087893408952469,0.2222582560115599,0.08155393055769226
E12,6.3053844e-06,0.0008171229442668459,0.0007207448943518102,0.0674144,0.049404986954627736,0.12727834169116234,0.08136591053584034
S7,1.9888585e-06,0.000216176980261118,0.0011767223477363586,0.021264,0.013070518903705556,0.2078006659839183,0.0807117282506943
I5,2.4463438e-06,0.0007127776751921111,0.0009753679041750729,0.026155233,0.04309605059005188,0.17224292583277181,0.08049806993533414
I3,3.8400653e-06,0.0005377959336455129,0.0009411051869392395,0.04105629,0.032516283225711956,0.16619237748232948,0.07992165032564648
E7_return_5d,3.4897067e-07,4.064900444064046e-05,0.0013196462532505393,0.0037310412,0.002457725056185196,0.2330399952173625,0.07974292049630262
E12_trend,1.2487496e-06,7.281494350060979e-05,0.0012526372447609901,0.013351083,0.004402545980369364,0.22120668839027902,0.07965343905748908
E8,2.3755686e-06,0.0003638241359604777,0.0010827635414898396,0.025398536,0.021997579210107386,0.19120821955792838,0.07953477814066152
V10_vol_norm_20,1.285134e-07,1.55257531771813e-05,0.0013347677886486053,0.0013740088,0.0009387199791184894,0.23571034913089378,0.07934102598083721
D8_vol_norm_5,1.0530752e-07,-4.091679798412518e-06,0.0013428130187094212,0.0011259017,-0.00024739164220197055,0.23713107864100072,0.07933652956781762
V13_rolling_mean_10,9.936431e-07,0.00010834306611714472,0.0012370003387331963,0.010623596,0.006550651656152603,0.21844532374656825,0.07853985702667901
D1_ema_20,1.4207642e-06,1.5219496450502579e-05,0.0012402988504618406,0.015190187,0.0009202030476181691,0.21902781708944272,0.07837940234913071
M15,3.082518e-06,0.000524231069378478,0.0009637300972826779,0.032956928,0.031696122750649716,0.17018777320693443,0.07828027465744647
E19_rolling_std_60,1.4719077e-06,8.586436503381645e-05,0.0012082017492502928,0.01573699,0.0051915416940951226,0.21335970088450834,0.07809607741851861
E9,2.2855081e-06,0.0005015101156945701,0.0009843145962804556,0.024435649,0.030322365682357685,0.17382284702779965,0.07619362046826393
S4,2.529208e-06,0.00041288138551567324,0.0009904928738251328,0.02704118,0.024963684606253086,0.17491388621039625,0.07563958362532104
I2_vol_20,3.847267e-07,7.646879370456494e-05,0.0012287067947909236,0.0041133286,0.004623465516318187,0.21698074379881213,0.07523917931942449
D2_ema_60,6.237763e-07,6.870660804594308e-05,0.0012152729323133826,0.0066691423,0.004154147301850848,0.21460842073131922,0.07514390343888977
D8_lag5,2.7266063e-07,8.61634873830508e-05,0.0012283577816560864,0.0029151677,0.0052096272659976715,0.21691911060046606,0.07501463519395472
E11_lag10,1.6941784e-06,0.00025008762960072596,0.0010714847594499588,0.018113412,0.015120828713264851,0.18921646812745432,0.07415023626790172
E11_ema_5,1.2304729e-06,3.9330023566586106e-05,0.0011710089165717363,0.0131556755,0.0023779766739701713,0.20679171531399546,0.0741084558270488
E11_rolling_std_60,5.7112504e-07,9.535854062988624e-05,0.0011777350446209311,0.006106218,0.00576557969505914,0.2079795009380252,0.07328376616351152
S2_lag60,1.4395915e-06,0.0003108127512092662,0.0010447805980220437,0.01539148,0.018792398410258173,0.18450070612978545,0.07289486157256152
I2,1.8292532e-06,0.00032671489236404396,0.0010139800142496824,0.019557571,0.019753875605109623,0.179061545538587,0.07279099739410012
M12_vol_norm_20,6.5993163e-07,6.187998076889745e-05,0.0011636307463049889,0.007055699,0.0037413949321702285,0.20548878374469004,0.07209529252360819
M12_lag10,5.042345e-07,4.9131976076366435e-05,0.0011760579654946923,0.005391054,0.0029706235201679356,0.20768334087952836,0.07201500608503848
E12_rolling_std_5,4.0607384e-07,2.2389392296850995e-05,0.0011904706479981542,0.004341563,0.0013537101633346548,0.21022851649261626,0.07197459662194741
M17_ema_60,1.208866e-07,2.792804904613311e-05,0.0011947877937927842,0.0012924664,0.0016885891021337135,0.21099089325294512,0.07132398292463216
S2_lag20,1.8817293e-06,0.0003501828296870291,0.0009634720045141876,0.020118622,0.02117279688914527,0.1701421958884777,0.0704778716289723
V1,2.0369964e-07,3.6902277578654276e-05,0.0011549898190423846,0.002177867,0.0022311900004292158,0.2039628584120558,0.06945730517319278
M18,5.328235e-07,0.0001609977648365457,0.0010822764597833157,0.005696715,0.00973426646171401,0.1911222044472279,0.06885106192155749
M17_lag10,7.022985e-07,0.0001567547918758905,0.0010646170703694224,0.007508667,0.009477727313914051,0.18800368384792462,0.06833002611591375
E12_lag5,3.386798e-07,5.247229146798649e-05,0.001115289400331676,0.0036210157,0.0031725860761152545,0.1969520512630324,0.0679152176789551
I2_lag1,9.83142e-07,6.8195887402267e-05,0.001052952604368329,0.010511322,0.004123268048104137,0.18594382341607615,0.06685947113705296
E20,6.6176394e-06,0.0007375642559124262,0.00046215212205424905,0.0707529,0.04459469985174375,0.08161272617410215,0.06565344079811648
E5,1.3621968e-06,0.00029209774226726106,0.0009156153537333012,0.01456401,0.017660849260741747,0.16169105707637105,0.06463863888391873
I6,3.254163e-06,0.0004046289904000466,0.0007520047947764397,0.03479208,0.024464727287905136,0.13279861428505407,0.06401847403151426
E11_rolling_std_5,1.7579667e-07,3.440324119102778e-05,0.0010584702249616385,0.0018795407,0.0020800929580611243,0.18691819535363804,0.06362594301647251
I1,1.4925066e-06,0.0003146513000420126,0.000878693419508636,0.015957225,0.019024485217191116,0.15517091021584858,0.06338420684904894
V12,9.382247e-07,0.00013080596638649357,0.0009685672703199089,0.010031086,0.007908806267471246,0.17104198302163684,0.06299395856060291
P8_rolling_mean_60,2.4819136e-07,4.033781899049904e-05,0.0010358417639508843,0.002653553,0.0024389101236067198,0.18292217260683513,0.06267154521606848
M1_vol_20,1.5940692e-07,1.2432809014750745e-05,0.001050380989909172,0.0017043088,0.0007517140125520045,0.18548969487989708,0.06264857255962618
M17_ema_20,2.1800429e-07,1.6014563033095454e-05,0.001015513320453465,0.002330806,0.0009682744601475349,0.17933231633759172,0.06087713230135607
S2_rolling_mean_5,2.2995216e-07,2.431961111948322e-05,0.0010045148665085435,0.0024585475,0.0014704152888250239,0.1773900688236011,0.06043967719574752
I4,1.9478891e-06,0.00044981027784039005,0.0007479233318008482,0.020825975,0.027196483790699527,0.13207785740799796,0.060033438613975976
S12_vol_20,9.0580336e-08,5.285857163450647e-06,0.0010120351798832417,0.00096844515,0.0003195941394579448,0.1787181018389307,0.060002047043011986
D2_ema_5,5.2507636e-07,7.290219807101205e-05,0.0009622211800888181,0.005613886,0.0044078215768297265,0.1699213093308962,0.05998100557587929
E7_lag10,2.0916372e-07,1.9154460710624212e-05,0.0009919744916260242,0.0022362866,0.001158119335861262,0.17517552921084673,0.059523311730200174
M13,1.6771577e-06,0.00018901285943752067,0.0008400711230933666,0.017931433,0.011428118522783822,0.14835049167585887,0.059236681197731324
E15,3.7376706e-06,0.0003104575593550707,0.0006447916384786367,0.03996153,0.018770922757119262,0.11386554538925292,0.05753266663489354
M14,5.684914e-07,0.00015451119214716648,0.0008664713241159916,0.00607806,0.009342074513920202,0.15301257646175936,0.056144236920249196
E14,2.1509106e-06,0.00045729343346789797,0.0005869459710083902,0.022996591,0.027648931257449088,0.10365041839032671,0.051431980350618724
V7_ema_60,4.0371282e-07,3.1881878522410644e-05,0.0008380385115742683,0.00431632,0.0019276460213731796,0.14799154716514423,0.05141183778789502
I9,8.4547764e-07,0.00014887719803716726,0.0007585932034999132,0.009039476,0.00900143127600855,0.133962079671044,0.05066766217653087
M17_rolling_std_60,9.116669e-07,0.00010857072721665029,0.0007634087232872844,0.009747142,0.00656441652927245,0.13481246567824395,0.05037467472656686
V10_vol_5,2.8683326e-07,1.6595415713771545e-05,0.0008288235985673964,0.003066695,0.0010033940456550877,0.14636426009653758,0.050144783068212094
E6,9.968699e-07,0.00017057775931295094,0.0007170161115936935,0.010658095,0.010313493254270752,0.12661986559275512,0.04919715116882451
E7_lag20,6.9995785e-08,1.433425720996917e-05,0.000773685984313488,0.0007483642,0.0008666796048643758,0.13662735573267687,0.046080799844721944
D2_rolling_mean_20,1.9214146e-07,1.617530798306843e-05,0.0007635150104761124,0.002054292,0.0009779934408861834,0.13483123522797377,0.04595450689300112
S12_vol_norm_20,1.7734567e-07,3.1573262565831596e-05,0.0007541634840890765,0.001896102,0.0019089864458273502,0.13317982322332336,0.045661637216850716
E11_return_60d,3.858956e-07,7.286270500589387e-05,0.0007184497080743313,0.004125826,0.00440543374231761,0.12687302837495418,0.04513476272601458
S2_vol_regime_5,1.8132256e-07,3.97586971279118e-06,0.0007407296798191965,0.0019386212,0.0002403895187033211,0.13080751043488287,0.044328840372628575
E4,2.792318e-06,0.0004821122402875244,0.0003958051966037601,0.029854236,0.029149528977481583,0.06989633842883779,0.042966701192322966
E7_lag5,3.3889302e-07,6.897179770095629e-05,0.0006805870216339827,0.0036232953,0.004170181231063526,0.12018675146912329,0.042660076014245506
M12,1.5091882e-06,0.00020643341312656104,0.0005512012867256999,0.016135577,0.012481402161173943,0.09733816536511934,0.04198504821290986
M12_vol_20,1.6014326e-07,2.101990448704072e-05,0.0006896138656884432,0.0017121814,0.0012709080246198926,0.12178082691934167,0.04158797210550986
S12_rolling_mean_60,1.2626683e-07,1.4547439598000533e-05,0.0006929913652129471,0.0013499894,0.0008795690643680443,0.1223772689363582,0.04153560914731656
E1,2.8041559e-06,0.0008526868543915489,0.00023012238671071827,0.029980803,0.05155525641908756,0.040637951092104094,0.04072467013991048
M17,1.0273214e-06,0.00018025736621245513,0.0005412766477093101,0.010983669,0.010898742825282378,0.0955855458102829,0.03915598594487158
E10,3.6601127e-06,0.0004073845294228384,0.00026967027224600315,0.039132316,0.024631333023834072,0.047621821984245256,0.03712849022452094
E7_lag40,9.490645e-08,9.254808516623303e-06,0.000604703149292618,0.0010146981,0.0005595653594595848,0.10678620779770562,0.03612015707370664
E11,2.0904695e-06,0.0006226817845369714,0.00024686616961844265,0.022350382,0.037648661878581395,0.043594782196746985,0.034531275378380306
E7,6.521204e-07,3.870849373599494e-05,0.0005286902887746692,0.0069721844,0.002340397661671331,0.09336288574611201,0.03422515593750471
E13,1.9256308e-06,0.0004611621127520116,0.00029723317129537463,0.020588,0.027882839815401482,0.052489230842354365,0.03365335667714341
D1,1.9820154e-06,0.00021428563216496777,0.0003186836838722229,0.021190839,0.012956163984812903,0.05627723640521307,0.030141413092771175
V10_lag20,8.3232564e-08,-4.940052205526512e-07,0.0004975913325324655,0.000889886,-2.986860379844066e-05,0.08787103473217805,0.029577017374794106
D8_rolling_mean_10,2.8712464e-07,7.210530710848318e-05,0.00043420176371000707,0.0030698103,0.004359639858418521,0.07667689480351961,0.028035448332797943
V10_rolling_std_60,1.1653208e-07,5.581615435190645e-06,0.0004542416427284479,0.0012459098,0.00033747631209739775,0.08021579267036132,0.02726639293953399
D7,1.3906182e-06,0.00017526661557388802,0.000258862623013556,0.0148678785,0.01059699145246609,0.04571326920410695,0.023726046391857224
E12_vol_60,1.1297143e-07,2.8809009437025244e-06,0.00036512629594653845,0.0012078409,0.0001741853836559475,0.0644786661967358,0.02195356414738146
D2,2.4199826e-08,5.1589529641571374e-06,0.00030514312675222754,0.0002587339,0.0003119212423075548,0.05388607183462337,0.01815224232456746
D4,9.3255153e-07,0.00023779789348439274,0.00012997376325074583,0.009970431,0.014377765191718482,0.022952427661374133,0.01576687468971791
D6,9.037839e-07,0.0001894534110115087,0.00013808261428494006,0.009662861,0.011454755205694798,0.02438439217578265,0.015167336128649742
D3,2.7907382e-07,4.92024695837312e-05,0.00020921201212331653,0.0029837347,0.0029748857071939857,0.03694532999623211,0.014301316804522705
D5,5.8718206e-07,0.00016024822714846287,0.0001337682333542034,0.0062778927,0.009688947822748413,0.02362250367044404,0.013196448077257719
M1_rolling_std_60,1.0576766e-07,4.082247090716473e-05,0.00019732885994017124,0.0011308214,0.002468213206806626,0.03484685116441928,0.012815295262460136
V13_ema_60,8.744254e-08,7.23431047061629e-06,0.00017775710148271173,0.00093489717,0.0004374017605725262,0.03139062000695028,0.010920972977600881
D8,3.5587868e-07,3.1281484199197075e-05,0.00012412216165103018,0.0038048986,0.0018913449066950045,0.021919077090755152,0.009205106861812327
D9,4.1718016e-07,2.5130954611618518e-05,8.481142140226439e-05,0.004460307,0.0015194708378411291,0.014977084343078916,0.006985620673024946
M1,6.848281e-08,9.887313913392593e-06,5.2698858780786395e-05,0.0007321881,0.0005978079777771455,0.009306237764843897,0.003545411285218271
V10_ema_5,0.0,0.0,0.0,0.0,0.0,0.0,0.0
V10_lag1,0.0,0.0,0.0,0.0,0.0,0.0,0.0
D2_zscore,0.0,0.0,0.0,0.0,0.0,0.0,0.0
D8_rolling_std_20,0.0,0.0,0.0,0.0,0.0,0.0,0.0
V10_vol_regime_5,0.0,0.0,0.0,0.0,0.0,0.0,0.0
V10_vol_regime_60,0.0,0.0,0.0,0.0,0.0,0.0,0.0
V10_zscore,0.0,0.0,0.0,0.0,0.0,0.0,0.0
D8_vol_20,0.0,0.0,0.0,0.0,0.0,0.0,0.0
D8_vol_60,0.0,0.0,0.0,0.0,0.0,0.0,0.0
V11,0.0,0.0,0.0,0.0,0.0,0.0,0.0
D8_rolling_std_5,0.0,0.0,0.0,0.0,0.0,0.0,0.0
D8_rolling_std_60,0.0,0.0,0.0,0.0,0.0,0.0,0.0
D8_rolling_std_10,0.0,0.0,0.0,0.0,0.0,0.0,0.0
D8_vol_norm_60,0.0,0.0,0.0,0.0,0.0,0.0,0.0
V10_rolling_std_20,0.0,0.0,0.0,0.0,0.0,0.0,0.0
D8_rolling_mean_5,0.0,0.0,0.0,0.0,0.0,0.0,0.0
V10_vol_60,0.0,0.0,0.0,0.0,0.0,0.0,0.0
D8_lag20,0.0,0.0,0.0,0.0,0.0,0.0,0.0
D8_lag40,0.0,0.0,0.0,0.0,0.0,0.0,0.0
D8_lag60,0.0,0.0,0.0,0.0,0.0,0.0,0.0
D8_quantile,0.0,0.0,0.0,0.0,0.0,0.0,0.0
V10_vol_20,0.0,0.0,0.0,0.0,0.0,0.0,0.0
D8_rank,0.0,0.0,0.0,0.0,0.0,0.0,0.0
D8_return_20d,0.0,0.0,0.0,0.0,0.0,0.0,0.0
V10_lag60,0.0,0.0,0.0,0.0,0.0,0.0,0.0
V10_return_60d,0.0,0.0,0.0,0.0,0.0,0.0,0.0
D8_return_5d,0.0,0.0,0.0,0.0,0.0,0.0,0.0
D8_return_60d,0.0,0.0,0.0,0.0,0.0,0.0,0.0
V10_vol_regime_20,0.0,0.0,0.0,0.0,0.0,0.0,0.0
V10_rank,0.0,0.0,0.0,0.0,0.0,0.0,0.0
D2_vol_regime_60,0.0,0.0,0.0,0.0,0.0,0.0,0.0
V10_quantile,0.0,0.0,0.0,0.0,0.0,0.0,0.0
D2_rolling_std_5,0.0,0.0,0.0,0.0,0.0,0.0,0.0
D2_vol_regime_5,0.0,0.0,0.0,0.0,0.0,0.0,0.0
D1_return_60d,0.0,0.0,0.0,0.0,0.0,0.0,0.0
D1_vol_norm_20,0.0,0.0,0.0,0.0,0.0,0.0,0.0
D1_vol_60,0.0,0.0,0.0,0.0,0.0,0.0,0.0
D1_vol_5,0.0,0.0,0.0,0.0,0.0,0.0,0.0
D1_vol_20,0.0,0.0,0.0,0.0,0.0,0.0,0.0
D1_rolling_std_60,0.0,0.0,0.0,0.0,0.0,0.0,0.0
V7_quantile,0.0,0.0,0.0,0.0,0.0,0.0,0.0
V7_rank,0.0,0.0,0.0,0.0,0.0,0.0,0.0
D1_rolling_std_5,0.0,0.0,0.0,0.0,0.0,0.0,0.0
D1_rolling_std_20,0.0,0.0,0.0,0.0,0.0,0.0,0.0
D1_rolling_std_10,0.0,0.0,0.0,0.0,0.0,0.0,0.0
D1_rolling_mean_60,0.0,0.0,0.0,0.0,0.0,0.0,0.0
D1_rolling_mean_5,0.0,0.0,0.0,0.0,0.0,0.0,0.0
D1_rolling_mean_20,0.0,0.0,0.0,0.0,0.0,0.0,0.0
D1_rolling_mean_10,0.0,0.0,0.0,0.0,0.0,0.0,0.0
D1_return_5d,0.0,0.0,0.0,0.0,0.0,0.0,0.0
D2_vol_regime_20,0.0,0.0,0.0,0.0,0.0,0.0,0.0
D1_return_20d,0.0,0.0,0.0,0.0,0.0,0.0,0.0
D1_rank,0.0,0.0,0.0,0.0,0.0,0.0,0.0
D1_quantile,0.0,0.0,0.0,0.0,0.0,0.0,0.0
D1_lag60,0.0,0.0,0.0,0.0,0.0,0.0,0.0
D1_lag5,0.0,0.0,0.0,0.0,0.0,0.0,0.0
D1_lag40,0.0,0.0,0.0,0.0,0.0,0.0,0.0
D1_lag20,0.0,0.0,0.0,0.0,0.0,0.0,0.0
D1_lag10,0.0,0.0,0.0,0.0,0.0,0.0,0.0
D1_ema_60,0.0,0.0,0.0,0.0,0.0,0.0,0.0
V7_vol_regime_20,0.0,0.0,0.0,0.0,0.0,0.0,0.0
V7_vol_regime_5,0.0,0.0,0.0,0.0,0.0,0.0,0.0
V7_vol_regime_60,0.0,0.0,0.0,0.0,0.0,0.0,0.0
V7_zscore,0.0,0.0,0.0,0.0,0.0,0.0,0.0
D1_ema_5,0.0,0.0,0.0,0.0,0.0,0.0,0.0
D1_vol_norm_5,0.0,0.0,0.0,0.0,0.0,0.0,0.0
D1_vol_norm_60,0.0,0.0,0.0,0.0,0.0,0.0,0.0
D1_vol_regime_20,0.0,0.0,0.0,0.0,0.0,0.0,0.0
D1_vol_regime_5,0.0,0.0,0.0,0.0,0.0,0.0,0.0
D2_vol_norm_5,0.0,0.0,0.0,0.0,0.0,0.0,0.0
D2_vol_norm_20,0.0,0.0,0.0,0.0,0.0,0.0,0.0
D2_vol_60,0.0,0.0,0.0,0.0,0.0,0.0,0.0
V13_quantile,0.0,0.0,0.0,0.0,0.0,0.0,0.0
V13_rank,0.0,0.0,0.0,0.0,0.0,0.0,0.0
D2_vol_5,0.0,0.0,0.0,0.0,0.0,0.0,0.0
D2_vol_20,0.0,0.0,0.0,0.0,0.0,0.0,0.0
D2_rolling_std_60,0.0,0.0,0.0,0.0,0.0,0.0,0.0
D8_vol_regime_5,0.0,0.0,0.0,0.0,0.0,0.0,0.0
D2_rolling_std_10,0.0,0.0,0.0,0.0,0.0,0.0,0.0
D2_rolling_mean_60,0.0,0.0,0.0,0.0,0.0,0.0,0.0
D2_rolling_mean_5,0.0,0.0,0.0,0.0,0.0,0.0,0.0
D2_rolling_mean_10,0.0,0.0,0.0,0.0,0.0,0.0,0.0
D2_return_60d,0.0,0.0,0.0,0.0,0.0,0.0,0.0
D2_return_5d,0.0,0.0,0.0,0.0,0.0,0.0,0.0
D2_return_20d,0.0,0.0,0.0,0.0,0.0,0.0,0.0
D2_rank,0.0,0.0,0.0,0.0,0.0,0.0,0.0
D2_quantile,0.0,0.0,0.0,0.0,0.0,0.0,0.0
D2_lag60,0.0,0.0,0.0,0.0,0.0,0.0,0.0
D2_lag40,0.0,0.0,0.0,0.0,0.0,0.0,0.0
D2_lag20,0.0,0.0,0.0,0.0,0.0,0.0,0.0
D2_lag10,0.0,0.0,0.0,0.0,0.0,0.0,0.0
V13_vol_regime_20,0.0,0.0,0.0,0.0,0.0,0.0,0.0
V13_vol_regime_5,0.0,0.0,0.0,0.0,0.0,0.0,0.0
V13_vol_regime_60,0.0,0.0,0.0,0.0,0.0,0.0,0.0
V13_zscore,0.0,0.0,0.0,0.0,0.0,0.0,0.0
D2_lag1,0.0,0.0,0.0,0.0,0.0,0.0,0.0
D1_zscore,0.0,0.0,0.0,0.0,0.0,0.0,0.0
D1_vol_regime_60,0.0,0.0,0.0,0.0,0.0,0.0,0.0
D8_vol_regime_20,0.0,0.0,0.0,0.0,0.0,0.0,0.0
M4_zscore,0.0,0.0,0.0,0.0,0.0,0.0,0.0
S5_zscore,0.0,0.0,0.0,0.0,0.0,0.0,0.0
M17_vol_regime_20,0.0,0.0,0.0,0.0,0.0,0.0,0.0
M17_rank,0.0,0.0,0.0,0.0,0.0,0.0,0.0
M17_quantile,0.0,0.0,0.0,0.0,0.0,0.0,0.0
M17_ema_5,0.0,0.0,0.0,0.0,0.0,0.0,0.0
M12_zscore,0.0,0.0,0.0,0.0,0.0,0.0,0.0
M12_vol_regime_60,0.0,0.0,0.0,0.0,0.0,0.0,0.0
M12_vol_regime_5,0.0,0.0,0.0,0.0,0.0,0.0,0.0
P8_vol_regime_20,0.0,0.0,0.0,0.0,0.0,0.0,0.0
P8_vol_regime_5,0.0,0.0,0.0,0.0,0.0,0.0,0.0
P8_vol_regime_60,0.0,0.0,0.0,0.0,0.0,0.0,0.0
P8_zscore,0.0,0.0,0.0,0.0,0.0,0.0,0.0
M12_vol_regime_20,0.0,0.0,0.0,0.0,0.0,0.0,0.0
M12_vol_60,0.0,0.0,0.0,0.0,0.0,0.0,0.0
M12_rolling_mean_60,0.0,0.0,0.0,0.0,0.0,0.0,0.0
M12_rank,0.0,0.0,0.0,0.0,0.0,0.0,0.0
M12_quantile,0.0,0.0,0.0,0.0,0.0,0.0,0.0
M12_ema_20,0.0,0.0,0.0,0.0,0.0,0.0,0.0
I2_zscore,0.0,0.0,0.0,0.0,0.0,0.0,0.0
I2_vol_regime_60,0.0,0.0,0.0,0.0,0.0,0.0,0.0
S12_quantile,0.0,0.0,0.0,0.0,0.0,0.0,0.0
S12_rank,0.0,0.0,0.0,0.0,0.0,0.0,0.0
I2_vol_regime_5,0.0,0.0,0.0,0.0,0.0,0.0,0.0
I2_vol_60,0.0,0.0,0.0,0.0,0.0,0.0,0.0
I2_rank,0.0,0.0,0.0,0.0,0.0,0.0,0.0
I2_quantile,0.0,0.0,0.0,0.0,0.0,0.0,0.0
I2_ema_5,0.0,0.0,0.0,0.0,0.0,0.0,0.0
M17_rolling_mean_10,0.0,0.0,0.0,0.0,0.0,0.0,0.0
M17_vol_regime_5,0.0,0.0,0.0,0.0,0.0,0.0,0.0
E7_vol_regime_60,0.0,0.0,0.0,0.0,0.0,0.0,0.0
M17_vol_regime_60,0.0,0.0,0.0,0.0,0.0,0.0,0.0
M4_vol_regime_5,0.0,0.0,0.0,0.0,0.0,0.0,0.0
M4_vol_regime_20,0.0,0.0,0.0,0.0,0.0,0.0,0.0
M4_rank,0.0,0.0,0.0,0.0,0.0,0.0,0.0
M4_quantile,0.0,0.0,0.0,0.0,0.0,0.0,0.0
M2_zscore,0.0,0.0,0.0,0.0,0.0,0.0,0.0
M2_vol_regime_60,0.0,0.0,0.0,0.0,0.0,0.0,0.0
M2_vol_regime_5,0.0,0.0,0.0,0.0,0.0,0.0,0.0
M2_vol_regime_20,0.0,0.0,0.0,0.0,0.0,0.0,0.0
M2_vol_20,0.0,0.0,0.0,0.0,0.0,0.0,0.0
M2_rank,0.0,0.0,0.0,0.0,0.0,0.0,0.0
M2_quantile,0.0,0.0,0.0,0.0,0.0,0.0,0.0
M1_zscore,0.0,0.0,0.0,0.0,0.0,0.0,0.0
M1_vol_regime_60,0.0,0.0,0.0,0.0,0.0,0.0,0.0
M1_vol_regime_5,0.0,0.0,0.0,0.0,0.0,0.0,0.0
M1_vol_regime_20,0.0,0.0,0.0,0.0,0.0,0.0,0.0
M1_vol_60,0.0,0.0,0.0,0.0,0.0,0.0,0.0
P8_ema_60,0.0,0.0,0.0,0.0,0.0,0.0,0.0
M1_rolling_mean_10,0.0,0.0,0.0,0.0,0.0,0.0,0.0
M1_rank,0.0,0.0,0.0,0.0,0.0,0.0,0.0
M1_quantile,0.0,0.0,0.0,0.0,0.0,0.0,0.0
M1_lag20,0.0,0.0,0.0,0.0,0.0,0.0,0.0
M1_ema_20,0.0,0.0,0.0,0.0,0.0,0.0,0.0
P8_quantile,0.0,0.0,0.0,0.0,0.0,0.0,0.0
P8_rank,0.0,0.0,0.0,0.0,0.0,0.0,0.0
M17_zscore,0.0,0.0,0.0,0.0,0.0,0.0,0.0
E7_zscore,0.0,0.0,0.0,0.0,0.0,0.0,0.0
E7_vol_regime_5,0.0,0.0,0.0,0.0,0.0,0.0,0.0
S5_vol_regime_60,0.0,0.0,0.0,0.0,0.0,0.0,0.0
E19_quantile,0.0,0.0,0.0,0.0,0.0,0.0,0.0
S2_zscore,0.0,0.0,0.0,0.0,0.0,0.0,0.0
S3,0.0,0.0,0.0,0.0,0.0,0.0,0.0
E12_zscore,0.0,0.0,0.0,0.0,0.0,0.0,0.0
E12_vol_regime_60,0.0,0.0,0.0,0.0,0.0,0.0,0.0
E12_vol_regime_5,0.0,0.0,0.0,0.0,0.0,0.0,0.0
E12_vol_regime_20,0.0,0.0,0.0,0.0,0.0,0.0,0.0
E12_vol_5,0.0,0.0,0.0,0.0,0.0,0.0,0.0
E12_rank,0.0,0.0,0.0,0.0,0.0,0.0,0.0
E12_quantile,0.0,0.0,0.0,0.0,0.0,0.0,0.0
S5_quantile,0.0,0.0,0.0,0.0,0.0,0.0,0.0
S5_rank,0.0,0.0,0.0,0.0,0.0,0.0,0.0
E12_ema_20,0.0,0.0,0.0,0.0,0.0,0.0,0.0
M4_vol_regime_60,0.0,0.0,0.0,0.0,0.0,0.0,0.0
E11_vol_regime_60,0.0,0.0,0.0,0.0,0.0,0.0,0.0
E11_vol_regime_5,0.0,0.0,0.0,0.0,0.0,0.0,0.0
E11_vol_regime_20,0.0,0.0,0.0,0.0,0.0,0.0,0.0
E11_vol_60,0.0,0.0,0.0,0.0,0.0,0.0,0.0
E11_vol_5,0.0,0.0,0.0,0.0,0.0,0.0,0.0
E11_vol_20,0.0,0.0,0.0,0.0,0.0,0.0,0.0
E11_rank,0.0,0.0,0.0,0.0,0.0,0.0,0.0
E11_quantile,0.0,0.0,0.0,0.0,0.0,0.0,0.0
D8_zscore,0.0,0.0,0.0,0.0,0.0,0.0,0.0
D8_vol_regime_60,0.0,0.0,0.0,0.0,0.0,0.0,0.0
S5_vol_regime_20,0.0,0.0,0.0,0.0,0.0,0.0,0.0
S5_vol_regime_5,0.0,0.0,0.0,0.0,0.0,0.0,0.0
S2_vol_regime_60,0.0,0.0,0.0,0.0,0.0,0.0,0.0
E19_rank,0.0,0.0,0.0,0.0,0.0,0.0,0.0
E7_vol_regime_20,0.0,0.0,0.0,0.0,0.0,0.0,0.0
E19_vol_60,0.0,0.0,0.0,0.0,0.0,0.0,0.0
E7_vol_norm_60,0.0,0.0,0.0,0.0,0.0,0.0,0.0
E7_vol_60,0.0,0.0,0.0,0.0,0.0,0.0,0.0
E7_vol_5,0.0,0.0,0.0,0.0,0.0,0.0,0.0
E7_vol_20,0.0,0.0,0.0,0.0,0.0,0.0,0.0
S12_vol_regime_20,0.0,0.0,0.0,0.0,0.0,0.0,0.0
S12_vol_regime_5,0.0,0.0,0.0,0.0,0.0,0.0,0.0
S12_vol_regime_60,0.0,0.0,0.0,0.0,0.0,0.0,0.0
S12_zscore,0.0,0.0,0.0,0.0,0.0,0.0,0.0
E7_rolling_std_60,0.0,0.0,0.0,0.0,0.0,0.0,0.0
E7_rolling_std_10,0.0,0.0,0.0,0.0,0.0,0.0,0.0
E7_rolling_mean_60,0.0,0.0,0.0,0.0,0.0,0.0,0.0
E7_rolling_mean_5,0.0,0.0,0.0,0.0,0.0,0.0,0.0
E7_rolling_mean_20,0.0,0.0,0.0,0.0,0.0,0.0,0.0
E7_rolling_mean_10,0.0,0.0,0.0,0.0,0.0,0.0,0.0
E7_rank,0.0,0.0,0.0,0.0,0.0,0.0,0.0
E7_quantile,0.0,0.0,0.0,0.0,0.0,0.0,0.0
E7_lag60,0.0,0.0,0.0,0.0,0.0,0.0,0.0
S2_quantile,0.0,0.0,0.0,0.0,0.0,0.0,0.0
S2_rank,0.0,0.0,0.0,0.0,0.0,0.0,0.0
E7_ema_60,0.0,0.0,0.0,0.0,0.0,0.0,0.0
E7_ema_20,0.0,0.0,0.0,0.0,0.0,0.0,0.0
E19_zscore,0.0,0.0,0.0,0.0,0.0,0.0,0.0
S2_vol_20,0.0,0.0,0.0,0.0,0.0,0.0,0.0
E19_vol_regime_5,0.0,0.0,0.0,0.0,0.0,0.0,0.0
E19_vol_regime_20,0.0,0.0,0.0,0.0,0.0,0.0,0.0
E11_zscore,0.0,0.0,0.0,0.0,0.0,0.0,0.0
