number,value,datetime_start,datetime_complete,duration,params_colsample_bytree,params_learning_rate,params_max_depth,params_min_child_weight,params_n_estimators,params_reg_alpha,params_reg_lambda,params_subsample,state
0,0.7928451845556485,2025-10-18 20:21:25.466407,2025-10-18 20:21:27.362723,0 days 00:00:01.896316,0.6,0.0862735828664018,7,2,250,0.0,0.9,0.8,COMPLETE
1,0.8408946059033386,2025-10-18 20:21:27.363327,2025-10-18 20:21:28.075756,0 days 00:00:00.712429,1.0,0.04170553216181044,3,3,350,0.2,0.2,1.0,COMPLETE
2,0.7694558295566947,2025-10-18 20:21:28.076163,2025-10-18 20:21:28.875162,0 days 00:00:00.798999,0.9,0.02408207265453542,5,2,200,0.30000000000000004,0.4,0.7,COMPLETE
3,0.6376166601210675,2025-10-18 20:21:28.875681,2025-10-18 20:21:29.587976,0 days 00:00:00.712295,0.8,0.05254210669345883,4,1,300,0.6000000000000001,0.1,0.8,COMPLETE
4,0.5075642727712769,2025-10-18 20:21:29.588495,2025-10-18 20:21:29.837733,0 days 00:00:00.249238,0.7,0.08580222514877409,8,1,100,0.7000000000000001,0.4,1.0,COMPLETE
5,0.7350048724841329,2025-10-18 20:21:29.838165,2025-10-18 20:21:30.260660,0 days 00:00:00.422495,0.7,0.022039920190846215,3,7,150,0.30000000000000004,0.5,1.0,COMPLETE
6,0.5488975020235167,2025-10-18 20:21:30.261067,2025-10-18 20:21:31.712141,0 days 00:00:01.451074,1.0,0.008699037355645861,8,9,300,0.6000000000000001,1.0,0.9,COMPLETE
7,0.46251814184084833,2025-10-18 20:21:31.712565,2025-10-18 20:21:31.961879,0 days 00:00:00.249314,0.7,0.008993931736681457,3,3,100,0.9,0.30000000000000004,0.7,COMPLETE
8,0.47617385800336004,2025-10-18 20:21:31.962423,2025-10-18 20:21:32.361975,0 days 00:00:00.399552,0.6,0.025411709798607296,3,10,200,0.8,0.2,1.0,COMPLETE
9,0.7494891206524356,2025-10-18 20:21:32.362412,2025-10-18 20:21:32.896753,0 days 00:00:00.534341,0.9,0.057532041236250865,7,1,100,0.30000000000000004,0.1,0.9,COMPLETE
10,0.8060004821501208,2025-10-18 20:21:32.897159,2025-10-18 20:21:34.702581,0 days 00:00:01.805422,1.0,0.005090641565719821,5,5,450,0.0,0.7000000000000001,0.6,COMPLETE
11,0.8113658125331532,2025-10-18 20:21:34.703007,2025-10-18 20:21:38.066558,0 days 00:00:03.363551,1.0,0.005102700679833443,5,5,450,0.0,0.7000000000000001,0.6,COMPLETE
12,0.7154406325365446,2025-10-18 20:21:38.067128,2025-10-18 20:21:43.960589,0 days 00:00:05.893461,1.0,0.03557555569625835,6,5,450,0.1,0.7000000000000001,0.6,COMPLETE
13,0.7868923826179685,2025-10-18 20:21:43.961193,2025-10-18 20:21:46.052110,0 days 00:00:02.090917,0.9,0.009882047282885798,4,4,400,0.2,0.7000000000000001,0.7,COMPLETE
14,0.7415341426043508,2025-10-18 20:21:46.052674,2025-10-18 20:21:47.962576,0 days 00:00:01.909902,1.0,0.01506822285796072,4,7,400,0.4,0.0,0.9,COMPLETE
15,0.7833831582649945,2025-10-18 20:21:47.963211,2025-10-18 20:21:52.140157,0 days 00:00:04.176946,0.9,0.005573350082704414,6,7,500,0.1,0.6000000000000001,0.6,COMPLETE
16,0.8071977158874076,2025-10-18 20:21:52.140722,2025-10-18 20:21:55.287647,0 days 00:00:03.146925,0.8,0.042740104157732405,5,4,350,0.1,0.9,0.8,COMPLETE
17,0.6729500640923721,2025-10-18 20:21:55.288253,2025-10-18 20:21:57.551854,0 days 00:00:02.263601,1.0,0.01440385559245158,4,6,500,0.5,0.30000000000000004,0.7,COMPLETE
18,0.7749818114823662,2025-10-18 20:21:57.552742,2025-10-18 20:22:00.939408,0 days 00:00:03.386666,0.8,0.0325509001717206,6,3,350,0.2,0.5,0.9,COMPLETE
19,0.4734618995233732,2025-10-18 20:22:00.939951,2025-10-18 20:22:01.723187,0 days 00:00:00.783236,0.9,0.01703479718876248,3,4,400,1.0,0.8,0.8,COMPLETE
20,0.6796545646370703,2025-10-18 20:22:01.723650,2025-10-18 20:22:05.328552,0 days 00:00:03.604902,1.0,0.056574450794642316,7,6,350,0.0,0.0,1.0,COMPLETE
21,0.763706976670206,2025-10-18 20:22:05.329209,2025-10-18 20:22:07.059486,0 days 00:00:01.730277,0.8,0.03788314025313953,5,4,350,0.1,1.0,0.8,COMPLETE
22,0.7875275575259929,2025-10-18 20:22:07.059897,2025-10-18 20:22:08.903417,0 days 00:00:01.843520,0.8,0.04601283472210687,5,3,450,0.2,0.9,0.7,COMPLETE
23,0.8053584585723184,2025-10-18 20:22:08.903890,2025-10-18 20:22:09.771434,0 days 00:00:00.867544,0.9,0.06682944414079175,4,5,250,0.1,0.8,0.9,COMPLETE
24,0.7043314224718028,2025-10-18 20:22:09.771861,2025-10-18 20:22:11.097665,0 days 00:00:01.325804,0.8,0.030601411524601184,5,4,350,0.4,0.6000000000000001,0.6,COMPLETE
25,0.8710538906875464,2025-10-18 20:22:11.098113,2025-10-18 20:22:13.219953,0 days 00:00:02.121840,0.7,0.04552550448749607,6,2,400,0.0,0.9,0.8,COMPLETE
26,0.7448591812022523,2025-10-18 20:22:13.220392,2025-10-18 20:22:15.647031,0 days 00:00:02.426639,0.7,0.07142133957511554,6,2,450,0.0,0.8,0.9,COMPLETE
27,0.7767008284786682,2025-10-18 20:22:15.647479,2025-10-18 20:22:18.052901,0 days 00:00:02.405422,0.6,0.0071703119195456,7,3,400,0.2,0.6000000000000001,0.8,COMPLETE
28,0.8040145504686579,2025-10-18 20:22:18.053452,2025-10-18 20:22:20.952375,0 days 00:00:02.898923,0.7,0.018252085546119533,6,2,500,0.0,0.5,0.7,COMPLETE
29,0.630487229708733,2025-10-18 20:22:20.952998,2025-10-18 20:22:23.059826,0 days 00:00:02.106828,0.6,0.09540413008123141,7,8,250,0.0,1.0,1.0,COMPLETE
30,0.6238756242749578,2025-10-18 20:22:23.060230,2025-10-18 20:22:24.686603,0 days 00:00:01.626373,1.0,0.028890544034401444,8,2,300,0.4,0.9,0.6,COMPLETE
31,0.8529426828988359,2025-10-18 20:22:24.687076,2025-10-18 20:22:26.359436,0 days 00:00:01.672360,0.8,0.04355518267051865,5,3,400,0.1,0.9,0.8,COMPLETE
32,0.8397895557568064,2025-10-18 20:22:26.359862,2025-10-18 20:22:28.451493,0 days 00:00:02.091631,0.9,0.04589812978533995,6,3,400,0.1,0.8,0.8,COMPLETE
33,0.7838892236414067,2025-10-18 20:22:28.451990,2025-10-18 20:22:30.379898,0 days 00:00:01.927908,0.9,0.04534139111809787,6,3,400,0.2,0.8,0.8,COMPLETE
34,0.7732836530874744,2025-10-18 20:22:30.380436,2025-10-18 20:22:31.855123,0 days 00:00:01.474687,0.8,0.07300429437679848,6,1,300,0.30000000000000004,0.9,0.8,COMPLETE
35,0.8180549239359917,2025-10-18 20:22:31.855561,2025-10-18 20:22:34.326506,0 days 00:00:02.470945,0.7,0.04081563138962831,7,2,400,0.1,0.4,0.8,COMPLETE
36,0.7643510556424159,2025-10-18 20:22:34.326979,2025-10-18 20:22:35.402936,0 days 00:00:01.075957,0.9,0.05194148056383454,4,2,300,0.2,1.0,0.8,COMPLETE
37,0.763478827574173,2025-10-18 20:22:35.403366,2025-10-18 20:22:36.921729,0 days 00:00:01.518363,0.7,0.027148103356474537,6,1,350,0.30000000000000004,0.2,0.9,COMPLETE
38,0.5835488114390661,2025-10-18 20:22:36.922161,2025-10-18 20:22:37.730684,0 days 00:00:00.808523,0.8,0.022764930583223156,3,3,400,0.6000000000000001,0.8,0.8,COMPLETE
39,0.7562909738813316,2025-10-18 20:22:37.731151,2025-10-18 20:22:40.885273,0 days 00:00:03.154122,0.7,0.06414342943021109,8,1,450,0.1,1.0,0.7,COMPLETE
40,0.7440263744453796,2025-10-18 20:22:40.885741,2025-10-18 20:22:42.048251,0 days 00:00:01.162510,0.9,0.08547783443609382,5,3,300,0.30000000000000004,0.30000000000000004,0.9,COMPLETE
41,0.7540571659546349,2025-10-18 20:22:42.048695,2025-10-18 20:22:44.485935,0 days 00:00:02.437240,0.7,0.039026944295328436,7,2,400,0.1,0.4,0.8,COMPLETE
42,0.7807990989966956,2025-10-18 20:22:44.486422,2025-10-18 20:22:46.859418,0 days 00:00:02.372996,0.6,0.05046731828335074,7,1,350,0.0,0.2,0.8,COMPLETE
43,0.8088544093925281,2025-10-18 20:22:46.859888,2025-10-18 20:22:49.336849,0 days 00:00:02.476961,0.7,0.03552248988083221,7,2,400,0.1,0.4,0.8,COMPLETE
44,0.6179084495550297,2025-10-18 20:22:49.337353,2025-10-18 20:22:50.674827,0 days 00:00:01.337474,0.7,0.04077411484890652,8,2,450,0.7000000000000001,0.2,0.8,COMPLETE
45,0.7410063973327089,2025-10-18 20:22:50.675308,2025-10-18 20:22:52.855091,0 days 00:00:02.179783,0.8,0.058640695686741316,6,3,400,0.0,0.1,0.7,COMPLETE
46,0.7782493193220329,2025-10-18 20:22:52.855539,2025-10-18 20:22:54.906556,0 days 00:00:02.051017,0.7,0.048621129105728494,7,4,350,0.2,0.30000000000000004,0.8,COMPLETE
47,0.8493390230836336,2025-10-18 20:22:54.907012,2025-10-18 20:22:55.968316,0 days 00:00:01.061304,0.6,0.03315065348484454,6,1,200,0.1,0.7000000000000001,0.9,COMPLETE
48,0.8692526883829229,2025-10-18 20:22:55.968758,2025-10-18 20:22:56.771272,0 days 00:00:00.802514,0.6,0.03394700595904586,6,1,150,0.0,0.7000000000000001,1.0,COMPLETE
49,0.8142851393888546,2025-10-18 20:22:56.771728,2025-10-18 20:22:57.557607,0 days 00:00:00.785879,0.6,0.024339357356922185,5,1,150,0.0,0.7000000000000001,1.0,COMPLETE
50,0.5279843645513927,2025-10-18 20:22:57.558018,2025-10-18 20:22:57.901696,0 days 00:00:00.343678,0.6,0.02082922952696966,3,1,150,0.5,0.6000000000000001,1.0,COMPLETE
51,0.8712296431425638,2025-10-18 20:22:57.902147,2025-10-18 20:22:58.910712,0 days 00:00:01.008565,0.6,0.03377226959847387,6,1,200,0.1,0.7000000000000001,1.0,COMPLETE
52,0.8573641573481897,2025-10-18 20:22:58.911153,2025-10-18 20:22:59.940929,0 days 00:00:01.029776,0.6,0.033844335855187625,6,1,200,0.0,0.7000000000000001,1.0,COMPLETE
53,0.9206925261923481,2025-10-18 20:22:59.941351,2025-10-18 20:23:01.023814,0 days 00:00:01.082463,0.6,0.03478624078576684,6,1,200,0.0,0.7000000000000001,1.0,COMPLETE
54,0.8642281608699224,2025-10-18 20:23:01.024256,2025-10-18 20:23:01.891677,0 days 00:00:00.867421,0.6,0.02723158878362356,6,1,150,0.0,0.7000000000000001,1.0,COMPLETE
55,0.8976860661226563,2025-10-18 20:23:01.892123,2025-10-18 20:23:02.665424,0 days 00:00:00.773301,0.6,0.027271937198721702,6,1,150,0.0,0.6000000000000001,1.0,COMPLETE
56,0.7857148093958838,2025-10-18 20:23:02.665865,2025-10-18 20:23:03.198077,0 days 00:00:00.532212,0.6,0.027694184783716012,6,1,100,0.0,0.6000000000000001,1.0,COMPLETE
57,0.8732238937583993,2025-10-18 20:23:03.198503,2025-10-18 20:23:03.995626,0 days 00:00:00.797123,0.6,0.01937298838579128,6,1,150,0.0,0.5,1.0,COMPLETE
58,0.8671469848192636,2025-10-18 20:23:03.996070,2025-10-18 20:23:04.822043,0 days 00:00:00.825973,0.6,0.020107286981170265,6,2,150,0.0,0.5,1.0,COMPLETE
59,0.7597919635898451,2025-10-18 20:23:04.822507,2025-10-18 20:23:06.107475,0 days 00:00:01.284968,0.6,0.015046775536336097,6,10,250,0.0,0.5,1.0,COMPLETE
60,0.8559434894811377,2025-10-18 20:23:06.107895,2025-10-18 20:23:07.004454,0 days 00:00:00.896559,0.6,0.01756209983925253,5,1,200,0.1,0.6000000000000001,1.0,COMPLETE
61,0.8919024742175004,2025-10-18 20:23:07.004865,2025-10-18 20:23:07.765957,0 days 00:00:00.761092,0.6,0.02105014987231088,6,2,150,0.0,0.5,1.0,COMPLETE
62,0.9039195248965305,2025-10-18 20:23:07.766396,2025-10-18 20:23:08.564371,0 days 00:00:00.797975,0.6,0.024407127400286877,6,1,150,0.0,0.5,1.0,COMPLETE
63,0.6520970785610153,2025-10-18 20:23:08.564820,2025-10-18 20:23:09.100971,0 days 00:00:00.536151,0.6,0.012427982107762489,6,2,100,0.0,0.5,1.0,COMPLETE
64,0.8666265666197862,2025-10-18 20:23:09.101388,2025-10-18 20:23:10.127480,0 days 00:00:01.026092,0.6,0.01955767372161733,6,1,200,0.1,0.4,1.0,COMPLETE
65,0.8745359439907708,2025-10-18 20:23:10.127890,2025-10-18 20:23:10.936990,0 days 00:00:00.809100,0.6,0.02278471777283107,6,2,150,0.0,0.5,1.0,COMPLETE
66,0.8540740936686347,2025-10-18 20:23:10.937531,2025-10-18 20:23:12.421136,0 days 00:00:01.483605,0.6,0.022970181972314537,7,2,150,0.1,0.5,1.0,COMPLETE
67,0.8851377206802189,2025-10-18 20:23:12.421694,2025-10-18 20:23:13.146739,0 days 00:00:00.725045,0.6,0.0254553231357834,6,1,100,0.0,0.6000000000000001,1.0,COMPLETE
68,0.47411320065699586,2025-10-18 20:23:13.147175,2025-10-18 20:23:13.424591,0 days 00:00:00.277416,0.6,0.016130142876896403,5,1,100,0.9,0.6000000000000001,1.0,COMPLETE
69,0.7076876074176215,2025-10-18 20:23:13.424985,2025-10-18 20:23:13.952003,0 days 00:00:00.527018,0.6,0.012890897447592876,6,2,100,0.0,0.5,1.0,COMPLETE
70,0.7765093006875509,2025-10-18 20:23:13.952438,2025-10-18 20:23:14.395042,0 days 00:00:00.442604,0.6,0.02159021286651612,5,2,100,0.0,0.6000000000000001,0.9,COMPLETE
71,0.9106337971452474,2025-10-18 20:23:14.395456,2025-10-18 20:23:15.176550,0 days 00:00:00.781094,0.6,0.02534479254072938,6,1,150,0.0,0.5,1.0,COMPLETE
72,0.9378183882851285,2025-10-18 20:23:15.176984,2025-10-18 20:23:16.067253,0 days 00:00:00.890269,0.6,0.024975919006789585,6,1,150,0.0,0.4,1.0,COMPLETE
73,0.9104960079867185,2025-10-18 20:23:16.067744,2025-10-18 20:23:16.867259,0 days 00:00:00.799515,0.6,0.03047978595260266,6,1,150,0.0,0.4,1.0,COMPLETE
74,0.878772321332093,2025-10-18 20:23:16.867691,2025-10-18 20:23:17.702032,0 days 00:00:00.834341,0.6,0.029992908774987025,6,1,150,0.1,0.4,1.0,COMPLETE
75,0.8629812215309608,2025-10-18 20:23:17.702462,2025-10-18 20:23:18.248950,0 days 00:00:00.546488,0.6,0.02614717790732649,6,1,100,0.0,0.30000000000000004,1.0,COMPLETE
76,0.8631421158480537,2025-10-18 20:23:18.249441,2025-10-18 20:23:19.319544,0 days 00:00:01.070103,0.6,0.025323954191866976,6,1,200,0.0,0.4,1.0,COMPLETE
77,0.8040797257746677,2025-10-18 20:23:19.320011,2025-10-18 20:23:20.130205,0 days 00:00:00.810194,0.6,0.030038256185035712,7,9,150,0.2,0.4,1.0,COMPLETE
78,0.824163810599405,2025-10-18 20:23:20.130658,2025-10-18 20:23:20.720603,0 days 00:00:00.589945,0.6,0.024455077743765985,6,1,100,0.1,0.6000000000000001,0.9,COMPLETE
79,0.9407153558420628,2025-10-18 20:23:20.721043,2025-10-18 20:23:21.732206,0 days 00:00:01.011163,0.6,0.0374599792967183,7,2,150,0.0,0.5,1.0,COMPLETE
80,0.8264355552354403,2025-10-18 20:23:21.732642,2025-10-18 20:23:22.748623,0 days 00:00:01.015981,0.6,0.03728153266704387,7,2,150,0.1,0.4,1.0,COMPLETE
81,0.9050435565772107,2025-10-18 20:23:22.749090,2025-10-18 20:23:23.556500,0 days 00:00:00.807410,0.6,0.031652352763772214,6,2,150,0.0,0.5,1.0,COMPLETE
82,0.8467213695737241,2025-10-18 20:23:23.556947,2025-10-18 20:23:24.829296,0 days 00:00:01.272349,0.6,0.03207851592779036,7,2,200,0.0,0.5,1.0,COMPLETE
83,0.7629842246745833,2025-10-18 20:23:24.829766,2025-10-18 20:23:25.548145,0 days 00:00:00.718379,0.6,0.028569231700569644,5,2,150,0.0,0.5,1.0,COMPLETE
84,0.8655590872157691,2025-10-18 20:23:25.548664,2025-10-18 20:23:26.319633,0 days 00:00:00.770969,0.6,0.037088537855576954,6,2,150,0.1,0.30000000000000004,1.0,COMPLETE
85,0.8360472248361391,2025-10-18 20:23:26.320086,2025-10-18 20:23:27.395285,0 days 00:00:01.075199,0.7,0.03151807275112527,6,1,200,0.0,0.4,1.0,COMPLETE
86,0.8647670516095385,2025-10-18 20:23:27.395761,2025-10-18 20:23:28.341974,0 days 00:00:00.946213,0.6,0.029139612464669718,5,6,150,0.0,0.5,0.9,COMPLETE
87,0.8671691923296141,2025-10-18 20:23:28.342576,2025-10-18 20:23:29.926368,0 days 00:00:01.583792,0.6,0.023470039226821737,7,3,200,0.1,0.5,1.0,COMPLETE
88,0.8342354889023618,2025-10-18 20:23:29.926802,2025-10-18 20:23:30.694901,0 days 00:00:00.768099,0.6,0.018638317636194994,6,2,150,0.0,0.4,1.0,COMPLETE
89,0.7796941225577608,2025-10-18 20:23:30.695336,2025-10-18 20:23:31.778085,0 days 00:00:01.082749,0.7,0.02173822073890609,8,7,150,0.1,0.6000000000000001,0.9,COMPLETE
90,0.8245612464120976,2025-10-18 20:23:31.778559,2025-10-18 20:23:32.653225,0 days 00:00:00.874666,0.6,0.04106726428907485,6,1,200,0.2,0.4,1.0,COMPLETE
91,0.8223397683978498,2025-10-18 20:23:32.653686,2025-10-18 20:23:33.228696,0 days 00:00:00.575010,0.6,0.026514211964763695,6,1,100,0.0,0.6000000000000001,1.0,COMPLETE
92,0.8677848337774613,2025-10-18 20:23:33.229112,2025-10-18 20:23:33.743036,0 days 00:00:00.513924,0.6,0.02478228708246398,6,1,100,0.0,0.6000000000000001,1.0,COMPLETE
93,0.9340722783073908,2025-10-18 20:23:33.743460,2025-10-18 20:23:34.509318,0 days 00:00:00.765858,0.6,0.03616154057286265,6,1,150,0.0,0.5,1.0,COMPLETE
94,0.846880710334806,2025-10-18 20:23:34.509757,2025-10-18 20:23:35.300266,0 days 00:00:00.790509,0.6,0.031560809596328315,6,1,150,0.0,0.5,1.0,COMPLETE
95,0.5681570339255537,2025-10-18 20:23:35.300683,2025-10-18 20:23:35.712865,0 days 00:00:00.412182,0.6,0.03552226715593953,6,2,150,0.5,0.5,1.0,COMPLETE
96,0.8867580027996752,2025-10-18 20:23:35.713273,2025-10-18 20:23:36.581948,0 days 00:00:00.868675,0.6,0.03885123164167135,7,1,150,0.1,0.4,1.0,COMPLETE
97,0.8071522422083479,2025-10-18 20:23:36.582382,2025-10-18 20:23:37.432862,0 days 00:00:00.850480,0.6,0.028177628049714794,6,2,150,0.0,0.5,1.0,COMPLETE
98,0.8814010898263761,2025-10-18 20:23:37.433398,2025-10-18 20:23:38.467389,0 days 00:00:01.033991,0.6,0.03555725763657784,6,1,200,0.1,0.5,1.0,COMPLETE
99,0.8110072402515897,2025-10-18 20:23:38.467826,2025-10-18 20:23:39.226812,0 days 00:00:00.758986,0.7,0.02082677495413555,6,3,150,0.0,0.4,1.0,COMPLETE
100,0.8195845037286856,2025-10-18 20:23:39.227270,2025-10-18 20:23:40.126334,0 days 00:00:00.899064,0.6,0.0432286351397209,5,1,200,0.0,0.5,0.9,COMPLETE
101,0.8769490020685039,2025-10-18 20:23:40.126772,2025-10-18 20:23:41.202456,0 days 00:00:01.075684,0.6,0.03831621233265146,7,1,150,0.1,0.30000000000000004,1.0,COMPLETE
102,0.977540610541686,2025-10-18 20:23:41.202936,2025-10-18 20:23:42.182648,0 days 00:00:00.979712,0.6,0.03037613036469957,7,1,150,0.0,0.4,1.0,COMPLETE
103,0.8811644018374212,2025-10-18 20:23:42.183112,2025-10-18 20:23:43.216686,0 days 00:00:01.033574,0.6,0.030218525441900766,7,2,150,0.0,0.4,1.0,COMPLETE
104,0.8776929570055353,2025-10-18 20:23:43.217154,2025-10-18 20:23:44.255450,0 days 00:00:01.038296,0.6,0.026649907439599985,7,1,150,0.0,0.30000000000000004,1.0,COMPLETE
105,0.5024186473554418,2025-10-18 20:23:44.255897,2025-10-18 20:23:44.706134,0 days 00:00:00.450237,0.6,0.03242521998670446,6,1,250,0.7000000000000001,0.4,1.0,COMPLETE
106,0.7751530076138816,2025-10-18 20:23:44.706549,2025-10-18 20:23:45.696179,0 days 00:00:00.989630,0.6,0.033961647841018516,7,8,150,0.0,0.5,1.0,COMPLETE
107,0.8309103800037673,2025-10-18 20:23:45.696619,2025-10-18 20:23:46.200483,0 days 00:00:00.503864,0.6,0.028421291905511452,6,1,100,0.0,0.6000000000000001,1.0,COMPLETE
108,0.8533547262930927,2025-10-18 20:23:46.200893,2025-10-18 20:23:47.193653,0 days 00:00:00.992760,0.6,0.02225839036994045,6,2,200,0.1,0.5,1.0,COMPLETE
109,0.46144859107551356,2025-10-18 20:23:47.194105,2025-10-18 20:23:47.519968,0 days 00:00:00.325863,0.6,0.016505898281458778,6,1,150,1.0,0.4,1.0,COMPLETE
110,0.7690993789175273,2025-10-18 20:23:47.520409,2025-10-18 20:23:48.233336,0 days 00:00:00.712927,0.6,0.023667771577826128,8,2,100,0.0,0.6000000000000001,1.0,COMPLETE
111,0.8740903034897,2025-10-18 20:23:48.233772,2025-10-18 20:23:49.207300,0 days 00:00:00.973528,0.6,0.03531198837175552,7,1,150,0.1,0.4,1.0,COMPLETE
112,0.8367044733049446,2025-10-18 20:23:49.207875,2025-10-18 20:23:50.241214,0 days 00:00:01.033339,0.6,0.04033406794771857,7,1,150,0.0,0.4,1.0,COMPLETE
113,0.9530315373075918,2025-10-18 20:23:50.241661,2025-10-18 20:23:51.230972,0 days 00:00:00.989311,0.6,0.03094962399891535,7,1,150,0.0,0.5,1.0,COMPLETE
114,0.7882973103251455,2025-10-18 20:23:51.231444,2025-10-18 20:23:51.978946,0 days 00:00:00.747502,0.6,0.0309796465355289,6,5,150,0.0,0.5,1.0,COMPLETE
115,0.8969284255370985,2025-10-18 20:23:51.979360,2025-10-18 20:23:52.961413,0 days 00:00:00.982053,0.6,0.047280611806277774,7,1,150,0.0,0.5,1.0,COMPLETE
116,0.8069230430379865,2025-10-18 20:23:52.961852,2025-10-18 20:23:53.926546,0 days 00:00:00.964694,0.6,0.045165449473149134,7,1,150,0.0,0.5,1.0,COMPLETE
117,0.9406689397747338,2025-10-18 20:23:53.927018,2025-10-18 20:23:55.178728,0 days 00:00:01.251710,0.6,0.05508733209314382,7,1,200,0.0,0.6000000000000001,1.0,COMPLETE
118,0.7321119240199967,2025-10-18 20:23:55.179175,2025-10-18 20:23:57.128203,0 days 00:00:01.949028,0.6,0.08038702744583356,8,1,250,0.0,0.7000000000000001,1.0,COMPLETE
119,0.8677496386290269,2025-10-18 20:23:57.128813,2025-10-18 20:23:58.138097,0 days 00:00:01.009284,0.6,0.05990105551280459,7,1,200,0.1,0.6000000000000001,1.0,COMPLETE
120,0.9198424726882459,2025-10-18 20:23:58.138570,2025-10-18 20:23:59.369766,0 days 00:00:01.231196,0.6,0.026340928891206452,7,1,200,0.0,0.6000000000000001,1.0,COMPLETE
121,0.7793590590240592,2025-10-18 20:23:59.370215,2025-10-18 20:24:00.648043,0 days 00:00:01.277828,0.6,0.054744567379659444,7,1,200,0.0,0.6000000000000001,1.0,COMPLETE
122,0.943494581855641,2025-10-18 20:24:00.648523,2025-10-18 20:24:02.012083,0 days 00:00:01.363560,0.6,0.02603142037167395,7,1,200,0.0,0.7000000000000001,1.0,COMPLETE
123,0.9079651076980584,2025-10-18 20:24:02.012523,2025-10-18 20:24:03.744130,0 days 00:00:01.731607,0.6,0.02516795892999775,7,1,250,0.0,0.7000000000000001,1.0,COMPLETE
124,0.8621459108979274,2025-10-18 20:24:03.744612,2025-10-18 20:24:05.250347,0 days 00:00:01.505735,0.6,0.02981941633675302,7,1,250,0.0,0.7000000000000001,1.0,COMPLETE
125,0.5390609763176751,2025-10-18 20:24:05.250799,2025-10-18 20:24:05.858664,0 days 00:00:00.607865,0.6,0.0257666138383056,7,1,250,0.6000000000000001,0.8,1.0,COMPLETE
126,0.8066025201034636,2025-10-18 20:24:05.859110,2025-10-18 20:24:07.078766,0 days 00:00:01.219656,0.6,0.02782906151401837,7,1,200,0.0,0.7000000000000001,1.0,COMPLETE
127,0.9016607345566249,2025-10-18 20:24:07.079190,2025-10-18 20:24:08.391489,0 days 00:00:01.312299,0.6,0.03155191614820532,7,1,250,0.1,0.8,1.0,COMPLETE
128,0.9535841534785717,2025-10-18 20:24:08.391957,2025-10-18 20:24:09.666669,0 days 00:00:01.274712,0.6,0.0329908659707795,7,1,200,0.0,0.7000000000000001,1.0,COMPLETE
129,0.6662139886985473,2025-10-18 20:24:09.667107,2025-10-18 20:24:10.242956,0 days 00:00:00.575849,0.6,0.03327494267504168,7,1,200,0.4,0.7000000000000001,1.0,COMPLETE
130,0.9373386031070469,2025-10-18 20:24:10.243371,2025-10-18 20:24:11.492680,0 days 00:00:01.249309,0.6,0.036510578751043486,7,1,200,0.0,0.8,1.0,COMPLETE
131,0.9079359130971723,2025-10-18 20:24:11.493149,2025-10-18 20:24:12.767329,0 days 00:00:01.274180,0.6,0.03805300979924752,7,1,200,0.0,0.8,1.0,COMPLETE
132,0.9034218458071813,2025-10-18 20:24:12.767850,2025-10-18 20:24:14.116706,0 days 00:00:01.348856,0.6,0.029149226460926828,7,1,200,0.0,0.7000000000000001,1.0,COMPLETE
133,0.8886398102577292,2025-10-18 20:24:14.117119,2025-10-18 20:24:15.369334,0 days 00:00:01.252215,0.6,0.03471082179863445,7,1,200,0.0,0.8,1.0,COMPLETE
134,0.9128011351182596,2025-10-18 20:24:15.369745,2025-10-18 20:24:17.000239,0 days 00:00:01.630494,0.6,0.02615917808833907,7,1,250,0.0,0.7000000000000001,1.0,COMPLETE
135,0.8540953856567755,2025-10-18 20:24:17.000650,2025-10-18 20:24:18.230370,0 days 00:00:01.229720,0.6,0.036347371257051474,7,1,200,0.0,0.7000000000000001,1.0,COMPLETE
136,0.7837076727727078,2025-10-18 20:24:18.230807,2025-10-18 20:24:19.401142,0 days 00:00:01.170335,0.6,0.006322945059382565,7,1,200,0.1,0.8,1.0,COMPLETE
137,0.9469457402398952,2025-10-18 20:24:19.401570,2025-10-18 20:24:20.886301,0 days 00:00:01.484731,0.6,0.02702762352042223,8,1,200,0.0,0.7000000000000001,1.0,COMPLETE
138,0.4921690028699441,2025-10-18 20:24:20.886743,2025-10-18 20:24:21.340271,0 days 00:00:00.453528,0.6,0.02635583704271893,8,2,200,0.8,0.7000000000000001,1.0,COMPLETE
139,0.9081206976142958,2025-10-18 20:24:21.340719,2025-10-18 20:24:23.236995,0 days 00:00:01.896276,0.6,0.02364957155433724,8,1,250,0.0,0.7000000000000001,1.0,COMPLETE
140,0.8296989587098458,2025-10-18 20:24:23.237516,2025-10-18 20:24:24.705381,0 days 00:00:01.467865,0.6,0.05026103281176073,8,1,200,0.0,0.7000000000000001,1.0,COMPLETE
141,0.8605986070471404,2025-10-18 20:24:24.705823,2025-10-18 20:24:26.047831,0 days 00:00:01.342008,0.6,0.02770638062514663,7,1,200,0.0,0.8,1.0,COMPLETE
142,0.8151117923277793,2025-10-18 20:24:26.048309,2025-10-18 20:24:27.559360,0 days 00:00:01.511051,0.6,0.029799306442473698,7,1,200,0.0,0.9,1.0,COMPLETE
143,0.8639453065602959,2025-10-18 20:24:27.559888,2025-10-18 20:24:29.160774,0 days 00:00:01.600886,0.6,0.03369771158176699,7,1,250,0.0,0.7000000000000001,1.0,COMPLETE
144,0.8010400911589461,2025-10-18 20:24:29.161277,2025-10-18 20:24:30.258982,0 days 00:00:01.097705,0.6,0.03995304706022345,7,1,200,0.1,0.6000000000000001,1.0,COMPLETE
145,0.8933686100766535,2025-10-18 20:24:30.259394,2025-10-18 20:24:32.719981,0 days 00:00:02.460587,0.6,0.02722273124915468,7,1,200,0.0,0.7000000000000001,1.0,COMPLETE
146,0.840965623463945,2025-10-18 20:24:32.720672,2025-10-18 20:24:35.767258,0 days 00:00:03.046586,0.6,0.025378151595332687,8,2,300,0.0,0.6000000000000001,1.0,COMPLETE
147,0.8544151827559983,2025-10-18 20:24:35.767868,2025-10-18 20:24:37.033683,0 days 00:00:01.265815,0.6,0.03251863338944474,7,1,200,0.1,0.30000000000000004,1.0,COMPLETE
148,0.8389400370568117,2025-10-18 20:24:37.034144,2025-10-18 20:24:38.994686,0 days 00:00:01.960542,0.6,0.043055554396820336,7,1,200,0.0,0.8,1.0,COMPLETE
149,0.8754732824393764,2025-10-18 20:24:38.995698,2025-10-18 20:24:40.262010,0 days 00:00:01.266312,0.6,0.02995144187038327,7,2,150,0.0,0.6000000000000001,1.0,COMPLETE
150,0.8419277853562571,2025-10-18 20:24:40.262421,2025-10-18 20:24:41.735285,0 days 00:00:01.472864,0.6,0.02306892598211914,8,1,200,0.0,0.7000000000000001,1.0,COMPLETE
151,0.882071168258403,2025-10-18 20:24:41.735723,2025-10-18 20:24:43.697774,0 days 00:00:01.962051,0.6,0.02430669439818439,8,1,250,0.0,0.7000000000000001,1.0,COMPLETE
152,0.8703282158071088,2025-10-18 20:24:43.698308,2025-10-18 20:24:46.124544,0 days 00:00:02.426236,0.6,0.02177691290690227,8,1,300,0.0,0.7000000000000001,1.0,COMPLETE
153,0.8777518115051857,2025-10-18 20:24:46.124993,2025-10-18 20:24:48.048702,0 days 00:00:01.923709,0.6,0.024006419319665365,8,1,250,0.0,0.7000000000000001,1.0,COMPLETE
154,0.9502007834782397,2025-10-18 20:24:48.049119,2025-10-18 20:24:49.322747,0 days 00:00:01.273628,0.6,0.027885227124222693,8,1,150,0.0,0.8,1.0,COMPLETE
155,0.8974073144993708,2025-10-18 20:24:49.323243,2025-10-18 20:24:50.198827,0 days 00:00:00.875584,0.6,0.02883342189845597,7,1,150,0.1,0.8,1.0,COMPLETE
156,0.7404165809362157,2025-10-18 20:24:50.199240,2025-10-18 20:24:51.093731,0 days 00:00:00.894491,0.6,0.09689114989835328,7,1,150,0.0,0.9,1.0,COMPLETE
157,0.8647294905278892,2025-10-18 20:24:51.094155,2025-10-18 20:24:52.534413,0 days 00:00:01.440258,0.6,0.037062449269213905,8,1,150,0.0,0.8,1.0,COMPLETE
158,0.9015981462819788,2025-10-18 20:24:52.534958,2025-10-18 20:24:53.441717,0 days 00:00:00.906759,0.6,0.03073727820992369,7,1,150,0.0,0.4,1.0,COMPLETE
159,0.8668772015357638,2025-10-18 20:24:53.442129,2025-10-18 20:24:54.352835,0 days 00:00:00.910706,0.6,0.027186887045458973,7,2,150,0.1,0.8,1.0,COMPLETE
160,0.8196565773417589,2025-10-18 20:24:54.353254,2025-10-18 20:24:55.803128,0 days 00:00:01.449874,0.6,0.03211810758883423,8,1,200,0.0,0.6000000000000001,1.0,COMPLETE
161,0.9202837918494214,2025-10-18 20:24:55.803573,2025-10-18 20:24:57.764837,0 days 00:00:01.961264,0.6,0.025762760171877723,8,1,250,0.0,0.7000000000000001,1.0,COMPLETE
162,0.9416805357543101,2025-10-18 20:24:57.765308,2025-10-18 20:24:58.896480,0 days 00:00:01.131172,0.6,0.026207913016771642,8,1,150,0.0,0.7000000000000001,1.0,COMPLETE
163,0.8557433911247424,2025-10-18 20:24:58.896925,2025-10-18 20:25:00.414207,0 days 00:00:01.517282,0.6,0.026115209474057897,8,1,200,0.0,0.7000000000000001,1.0,COMPLETE
164,0.8480125686814679,2025-10-18 20:25:00.414635,2025-10-18 20:25:01.517950,0 days 00:00:01.103315,0.6,0.02031497354858162,8,1,150,0.0,0.7000000000000001,1.0,COMPLETE
165,0.8480632267438267,2025-10-18 20:25:01.518364,2025-10-18 20:25:02.975646,0 days 00:00:01.457282,0.6,0.02799033644172033,8,1,200,0.0,0.8,1.0,COMPLETE
166,0.8908030759055242,2025-10-18 20:25:02.976090,2025-10-18 20:25:04.197435,0 days 00:00:01.221345,0.6,0.025667638353198692,8,1,150,0.0,0.7000000000000001,1.0,COMPLETE
167,0.8266296896145123,2025-10-18 20:25:04.197971,2025-10-18 20:25:05.720990,0 days 00:00:01.523019,0.6,0.022563483694121377,8,1,200,0.0,0.7000000000000001,1.0,COMPLETE
168,0.855656505700208,2025-10-18 20:25:05.721399,2025-10-18 20:25:07.123382,0 days 00:00:01.401983,0.6,0.03490366836367929,8,1,200,0.0,0.6000000000000001,1.0,COMPLETE
169,0.8895544043855396,2025-10-18 20:25:07.123824,2025-10-18 20:25:08.032966,0 days 00:00:00.909142,0.6,0.026420536841108195,7,1,150,0.0,0.8,1.0,COMPLETE
170,0.8184824811962782,2025-10-18 20:25:08.033411,2025-10-18 20:25:09.673832,0 days 00:00:01.640421,0.6,0.028974809570282305,8,2,250,0.1,0.7000000000000001,0.7,COMPLETE
171,0.9161799480897979,2025-10-18 20:25:09.674253,2025-10-18 20:25:10.666780,0 days 00:00:00.992527,0.6,0.0307952177248572,7,1,150,0.0,0.5,1.0,COMPLETE
172,0.7763538761335974,2025-10-18 20:25:10.667218,2025-10-18 20:25:11.554177,0 days 00:00:00.886959,0.6,0.07219479658824576,7,1,150,0.0,0.5,1.0,COMPLETE
173,0.7411979112587145,2025-10-18 20:25:11.554593,2025-10-18 20:25:12.514350,0 days 00:00:00.959757,0.6,0.03310397614672358,7,1,150,0.0,0.5,0.6,COMPLETE
174,1.0009208939023866,2025-10-18 20:25:12.514768,2025-10-18 20:25:13.546988,0 days 00:00:01.032220,0.6,0.025084004832746396,7,1,150,0.0,0.5,1.0,COMPLETE
175,0.9040736851920296,2025-10-18 20:25:13.547402,2025-10-18 20:25:14.495148,0 days 00:00:00.947746,0.6,0.0311895267141965,7,1,150,0.0,0.5,1.0,COMPLETE
176,0.914206700495979,2025-10-18 20:25:14.495590,2025-10-18 20:25:15.440847,0 days 00:00:00.945257,0.6,0.027522361913282428,7,1,150,0.0,0.6000000000000001,1.0,COMPLETE
177,0.9325190415772662,2025-10-18 20:25:15.441291,2025-10-18 20:25:16.513797,0 days 00:00:01.072506,0.6,0.028364431654898856,7,1,150,0.0,0.6000000000000001,1.0,COMPLETE
178,0.8846071836927609,2025-10-18 20:25:16.514244,2025-10-18 20:25:17.420662,0 days 00:00:00.906418,0.6,0.02942630280293144,7,1,150,0.0,0.6000000000000001,1.0,COMPLETE
179,0.8780315329694659,2025-10-18 20:25:17.421106,2025-10-18 20:25:18.496896,0 days 00:00:01.075790,0.6,0.03637096545890705,7,1,150,0.0,0.5,1.0,COMPLETE
180,0.815150219883697,2025-10-18 20:25:18.497425,2025-10-18 20:25:19.188482,0 days 00:00:00.691057,1.0,0.0660701886157617,7,4,100,0.0,0.6000000000000001,1.0,COMPLETE
181,0.9219689318586668,2025-10-18 20:25:19.189105,2025-10-18 20:25:20.347532,0 days 00:00:01.158427,0.6,0.027599431878783425,7,1,150,0.0,0.6000000000000001,1.0,COMPLETE
182,0.9314435634105784,2025-10-18 20:25:20.348198,2025-10-18 20:25:21.636536,0 days 00:00:01.288338,0.6,0.024383161271376217,7,1,150,0.0,0.6000000000000001,1.0,COMPLETE
183,0.8619727474250222,2025-10-18 20:25:21.637005,2025-10-18 20:25:22.594903,0 days 00:00:00.957898,0.6,0.024701196040489707,7,1,150,0.0,0.6000000000000001,1.0,COMPLETE
184,0.8980829741524025,2025-10-18 20:25:22.595367,2025-10-18 20:25:23.481404,0 days 00:00:00.886037,0.6,0.024016953752907372,7,1,150,0.0,0.6000000000000001,1.0,COMPLETE
185,0.8879742485425687,2025-10-18 20:25:23.481850,2025-10-18 20:25:24.488043,0 days 00:00:01.006193,0.6,0.022502763158021896,7,1,150,0.0,0.6000000000000001,1.0,COMPLETE
186,0.9173808460046482,2025-10-18 20:25:24.488512,2025-10-18 20:25:25.397769,0 days 00:00:00.909257,0.6,0.027816460441993394,7,1,150,0.1,0.6000000000000001,1.0,COMPLETE
187,0.8657537906502738,2025-10-18 20:25:25.398192,2025-10-18 20:25:26.593916,0 days 00:00:01.195724,0.6,0.02867509797852915,7,1,200,0.0,0.6000000000000001,1.0,COMPLETE
188,0.9651415109162111,2025-10-18 20:25:26.594358,2025-10-18 20:25:27.535099,0 days 00:00:00.940741,0.6,0.0251557223647247,7,1,150,0.0,0.6000000000000001,1.0,COMPLETE
189,0.8835291704109686,2025-10-18 20:25:27.535695,2025-10-18 20:25:28.346577,0 days 00:00:00.810882,0.6,0.02313308993745663,7,6,150,0.0,0.6000000000000001,1.0,COMPLETE
190,0.7769130390735777,2025-10-18 20:25:28.346986,2025-10-18 20:25:29.444705,0 days 00:00:01.097719,0.6,0.03258324591763546,8,2,150,0.0,0.7000000000000001,1.0,COMPLETE
191,0.939789028460245,2025-10-18 20:25:29.445121,2025-10-18 20:25:30.311007,0 days 00:00:00.865886,0.6,0.025521391003022215,7,1,150,0.0,0.6000000000000001,1.0,COMPLETE
192,0.9240384558254829,2025-10-18 20:25:30.311435,2025-10-18 20:25:31.193110,0 days 00:00:00.881675,0.6,0.025119018133930693,7,1,150,0.0,0.6000000000000001,1.0,COMPLETE
193,0.9664404851479377,2025-10-18 20:25:31.193550,2025-10-18 20:25:32.106078,0 days 00:00:00.912528,0.6,0.02433618591457793,7,1,150,0.0,0.6000000000000001,1.0,COMPLETE
194,0.9285151561352686,2025-10-18 20:25:32.106521,2025-10-18 20:25:32.999267,0 days 00:00:00.892746,0.6,0.02439137522992595,7,1,150,0.0,0.6000000000000001,1.0,COMPLETE
195,0.8799244544459057,2025-10-18 20:25:32.999745,2025-10-18 20:25:34.602368,0 days 00:00:01.602623,0.6,0.021025092531061204,7,1,150,0.0,0.6000000000000001,1.0,COMPLETE
196,0.9045201241713173,2025-10-18 20:25:34.603708,2025-10-18 20:25:36.512840,0 days 00:00:01.909132,0.6,0.02377389476167851,7,1,150,0.0,0.6000000000000001,1.0,COMPLETE
197,0.9124335730152268,2025-10-18 20:25:36.513502,2025-10-18 20:25:38.382940,0 days 00:00:01.869438,0.6,0.02480940842087883,7,1,150,0.0,0.6000000000000001,1.0,COMPLETE
198,0.8321434053629447,2025-10-18 20:25:38.383594,2025-10-18 20:25:39.141735,0 days 00:00:00.758141,0.6,0.018838994424239332,7,1,100,0.0,0.6000000000000001,1.0,COMPLETE
199,0.9227862982724515,2025-10-18 20:25:39.142180,2025-10-18 20:25:40.083903,0 days 00:00:00.941723,0.6,0.024826931077127738,7,1,150,0.0,0.6000000000000001,1.0,COMPLETE
